This is LuaHBTeX, Version 1.24.0 (TeX Live 2026)  (format=lualatex 2026.8.19)  19 AUG 2026 02:47
 restricted system commands enabled.
 file:line:error style messages enabled.
**c:/Projects/itrs/itr11/presentation/main
(c:/Projects/itrs/itr11/presentation/main.tex
LaTeX2e <2026-06-01>
L3 programming layer <2026-08-10>
Lua module: luaotfload 2024-12-03 v3.29 Lua based OpenType font support
Lua module: lualibs 2023-07-13 v2.76 ConTeXt Lua standard libraries.
Lua module: lualibs-extended 2023-07-13 v2.76 ConTeXt Lua libraries -- extended collection.
luaotfload | conf : Root cache directory is "C:/Users/Vamsi Madhav Tata/.texlive2026/texmf-var/luatex-cache/generic/names".
luaotfload | init : Loading fontloader "fontloader-2023-12-28.lua" from kpse-resolved path "c:/texlive/2026/texmf-dist/tex/luatex/luaotfload/fontloader-2023-12-28.lua".
Lua-only attribute luaotfload@noligature = 1
luaotfload | init : Context OpenType loader version 3.134
Inserting `luaotfload.node_processor' in `pre_linebreak_filter'.
Inserting `luaotfload.node_processor' in `hpack_filter'.
Inserting `luaotfload.glyph_stream' in `glyph_stream_provider'.
Inserting `luaotfload.define_font' in `define_font'.
Lua-only attribute luaotfload_color_attribute = 2
luaotfload | conf : Root cache directory is "C:/Users/Vamsi Madhav Tata/.texlive2026/texmf-var/luatex-cache/generic/names".
Inserting `luaotfload.harf.strip_prefix' in `find_opentype_file'.
Inserting `luaotfload.harf.strip_prefix' in `find_truetype_file'.
Removing  `luaotfload.glyph_stream' from `glyph_stream_provider'.
Inserting `luaotfload.harf.glyphstream' in `glyph_stream_provider'.
Inserting `luaotfload.harf.finalize_vlist' in `post_linebreak_filter'.
Inserting `luaotfload.harf.finalize_hlist' in `hpack_filter'.
Inserting `luaotfload.cleanup_files' in `wrapup_run'.
Inserting `luaotfload.harf.finalize_unicode' in `finish_pdffile'.
Inserting `luaotfload.glyphinfo' in `glyph_info'.
Lua-only attribute luaotfload.letterspace_done = 3
Inserting `luaotfload.aux.set_sscale_dimens' in `luaotfload.patch_font'.
Inserting `luaotfload.aux.set_font_index' in `luaotfload.patch_font'.
Inserting `luaotfload.aux.patch_cambria_domh' in `luaotfload.patch_font'.
Inserting `luaotfload.aux.fixup_fontdata' in `luaotfload.patch_font_unsafe'.
Inserting `luaotfload.aux.set_capheight' in `luaotfload.patch_font'.
Inserting `luaotfload.aux.set_xheight' in `luaotfload.patch_font'.
Inserting `luaotfload.rewrite_fontname' in `luaotfload.patch_font'.
Inserting `tracingstacklevels' in `input_level_string'. (./kaobook.cls
Document Class: kaobook 2021/08/23 v0.9.8 kaobook
(c:/texlive/2026/texmf-dist/tex/latex/koma-script/scrbook.cls
Document Class: scrbook 2026/02/02 v3.49.2 KOMA-Script document class (book)
(c:/texlive/2026/texmf-dist/tex/latex/koma-script/scrkbase.sty
Package: scrkbase 2026/02/02 v3.49.2 KOMA-Script package (KOMA-Script-dependent basics and keyval usage)
 (c:/texlive/2026/texmf-dist/tex/latex/koma-script/scrbase.sty
Package: scrbase 2026/02/02 v3.49.2 KOMA-Script package (KOMA-Script-independent basics and keyval usage)
 (c:/texlive/2026/texmf-dist/tex/latex/koma-script/scrlfile.sty
Package: scrlfile 2026/02/02 v3.49.2 KOMA-Script package (file load hooks)
 (c:/texlive/2026/texmf-dist/tex/latex/koma-script/scrlfile-hook.sty
Package: scrlfile-hook 2026/02/02 v3.49.2 KOMA-Script package (using LaTeX hooks)
 (c:/texlive/2026/texmf-dist/tex/latex/koma-script/scrlogo.sty
Package: scrlogo 2026/02/02 v3.49.2 KOMA-Script package (logo)
))) (c:/texlive/2026/texmf-dist/tex/latex/graphics/keyval.sty
Package: keyval 2026-05-17 v1.15 key=value parser (DPC)
\KV@toks@=\toks17
)
Applying: [2021/05/01] Usage of raw or classic option list on input line 254.
Already applied: [0000/00/00] Usage of raw or classic option list on input line 370.
)) (c:/texlive/2026/texmf-dist/tex/latex/koma-script/tocbasic.sty
Package: tocbasic 2026/02/02 v3.49.2 KOMA-Script package (handling toc-files)
\scr@dte@tocline@numberwidth=\skip49
\scr@dte@tocline@numbox=\box53
)
Package tocbasic Info: omitting babel extension for `toc'
(tocbasic)             because of feature `nobabel' available
(tocbasic)             for `toc' on input line 143.
luaotfload | db : Font names database loaded from C:/Users/Vamsi Madhav Tata/.texlive2026/texmf-var/luatex-cache/generic/names/luaotfload-names.luc.gz (c:/texlive/2026/texmf-dist/tex/latex/koma-script/typearea.sty
Package: typearea 2026/02/02 v3.49.2 KOMA-Script package (type area)
\ta@bcor=\skip50
\ta@div=\count274
\ta@hblk=\skip51
\ta@vblk=\skip52
\ta@temp=\skip53
\footheight=\skip54


Package typearea Warning: DIV for 15.0pt and used papersize
(typearea)                not defined!
(typearea)                Using DIV=calc.


Package typearea Info: DIV calculation for classic typearea. on input line 1810.

Package typearea Info: These are the values describing the layout:
(typearea)             DIV  = 16
(typearea)             BCOR = 0.0pt
(typearea)             \paperwidth      = 597.50793pt
(typearea)              \textwidth      = 485.47522pt
(typearea)              DIV departure   = 0%
(typearea)              \evensidemargin = -16.25363pt
(typearea)              \oddsidemargin  = -16.25363pt
(typearea)             \paperheight     = 845.04694pt
(typearea)              \textheight     = 698.99826pt
(typearea)              \topmargin      = -68.95442pt
(typearea)              \headheight     = 22.49994pt
(typearea)              \headsep        = 26.99992pt
(typearea)              \topskip        = 15.0pt
(typearea)              \footskip       = 62.99983pt
(typearea)              \baselineskip   = 17.99995pt
(typearea)              on input line 1810.
)
\c_scrbook_cmdhook_cctab=\catcodetable14
\c@part=\count275
\c@chapter=\count276
\c@section=\count277
\c@subsection=\count278
\c@subsubsection=\count279
\c@paragraph=\count280
\c@subparagraph=\count281
\scr@dte@chapter@maxnumwidth=\skip55
Class scrbook Info: using compatibility default `afterindent=bysign'
(scrbook)           for `\chapter on input line 5945.
\scr@dte@section@maxnumwidth=\skip56
Class scrbook Info: using compatibility default `runin=bysign'
(scrbook)           for `\section on input line 5956.
Class scrbook Info: using compatibility default `afterindent=bysign'
(scrbook)           for `\section on input line 5956.
\scr@dte@part@maxnumwidth=\skip57
Class scrbook Info: using compatibility default `afterindent=true'
(scrbook)           for `\part on input line 5965.
\scr@dte@subsection@maxnumwidth=\skip58
Class scrbook Info: using compatibility default `runin=bysign'
(scrbook)           for `\subsection on input line 5975.
Class scrbook Info: using compatibility default `afterindent=bysign'
(scrbook)           for `\subsection on input line 5975.
\scr@dte@subsubsection@maxnumwidth=\skip59
Class scrbook Info: using compatibility default `runin=bysign'
(scrbook)           for `\subsubsection on input line 5985.
Class scrbook Info: using compatibility default `afterindent=bysign'
(scrbook)           for `\subsubsection on input line 5985.
\scr@dte@paragraph@maxnumwidth=\skip60
Class scrbook Info: using compatibility default `runin=bysign'
(scrbook)           for `\paragraph on input line 5996.
Class scrbook Info: using compatibility default `afterindent=bysign'
(scrbook)           for `\paragraph on input line 5996.
\scr@dte@subparagraph@maxnumwidth=\skip61
Class scrbook Info: using compatibility default `runin=bysign'
(scrbook)           for `\subparagraph on input line 6006.
Class scrbook Info: using compatibility default `afterindent=bysign'
(scrbook)           for `\subparagraph on input line 6006.
\abovecaptionskip=\skip62
\belowcaptionskip=\skip63
\c@pti@nb@sid@b@x=\box54
Package tocbasic Info: omitting babel extension for `lof'
(tocbasic)             because of feature `nobabel' available
(tocbasic)             for `lof' on input line 7242.
\scr@dte@figure@maxnumwidth=\skip64
\c@figure=\count282
Package tocbasic Info: omitting babel extension for `lot'
(tocbasic)             because of feature `nobabel' available
(tocbasic)             for `lot' on input line 7255.
\scr@dte@table@maxnumwidth=\skip65
\c@table=\count283
Class scrbook Info: Redefining `\numberline' on input line 7426.
\bibindent=\dimen149
) (./kao.sty
Package: kao 
 (c:/texlive/2026/texmf-dist/tex/latex/kvoptions/kvoptions.sty
Package: kvoptions 2022-06-15 v3.15 Key value format for package options (HO)
 (c:/texlive/2026/texmf-dist/tex/generic/ltxcmds/ltxcmds.sty
Package: ltxcmds 2023-12-04 v1.26 LaTeX kernel commands for general use (HO)
) (c:/texlive/2026/texmf-dist/tex/latex/kvsetkeys/kvsetkeys.sty
Package: kvsetkeys 2022-10-05 v1.19 Key value parser (HO)
)) (c:/texlive/2026/texmf-dist/tex/latex/etoolbox/etoolbox.sty
Package: etoolbox 2025/10/02 v2.5m e-TeX tools for LaTeX (JAW)
\etb@tempcnta=\count284
) (c:/texlive/2026/texmf-dist/tex/latex/tools/calc.sty
Package: calc 2025/03/01 v4.3b Infix arithmetic (KKT,FJ)
\calc@Acount=\count285
\calc@Bcount=\count286
\calc@Adimen=\dimen150
\calc@Bdimen=\dimen151
\calc@Askip=\skip66
\calc@Bskip=\skip67
LaTeX Info: Redefining \setlength on input line 86.
LaTeX Info: Redefining \addtolength on input line 87.
\calc@Ccount=\count287
\calc@Cskip=\skip68
) (c:/texlive/2026/texmf-dist/tex/latex/xcolor/xcolor.sty
Package: xcolor 2024/09/29 v3.02 LaTeX color extensions (UK)
 (c:/texlive/2026/texmf-dist/tex/latex/graphics-cfg/color.cfg
File: color.cfg 2016/01/02 v1.6 sample color configuration
)

Package xcolor Warning: Package option `usenames' is obsolete and ignored on input line 265.

Package xcolor Info: Driver file: luatex.def on input line 274.
(c:/texlive/2026/texmf-dist/tex/latex/graphics-def/luatex.def
File: luatex.def 2025/09/29 v1.2f Graphics/color driver for luatex
) (c:/texlive/2026/texmf-dist/tex/latex/graphics/mathcolor.ltx)
Package xcolor Info: Model `cmy' substituted by `cmy0' on input line 1349.
Package xcolor Info: Model `hsb' substituted by `rgb' on input line 1353.
Package xcolor Info: Model `RGB' extended on input line 1365.
Package xcolor Info: Model `HTML' substituted by `rgb' on input line 1367.
Package xcolor Info: Model `Hsb' substituted by `hsb' on input line 1368.
Package xcolor Info: Model `tHsb' substituted by `hsb' on input line 1369.
Package xcolor Info: Model `HSB' substituted by `hsb' on input line 1370.
Package xcolor Info: Model `Gray' substituted by `gray' on input line 1371.
Package xcolor Info: Model `wave' substituted by `hsb' on input line 1372.
) (c:/texlive/2026/texmf-dist/tex/latex/graphics/dvipsnam.def
File: dvipsnam.def 2026-05-17 v3.0m Driver-dependent file (DPC,SPQR)
) (c:/texlive/2026/texmf-dist/tex/latex/colortbl/colortbl.sty
Package: colortbl 2026/05/01 v1.0l Color table columns (DPC)
 (c:/texlive/2026/texmf-dist/tex/latex/tools/array.sty
Package: array 2026/02/24 v2.7b Tabular extension package (FMi)
\col@sep=\dimen152
\ar@mcellbox=\box55
\extrarowheight=\dimen153
\NC@list=\toks18
\extratabsurround=\skip69
\backup@length=\skip70
\ar@cellbox=\box56
)
new hooks used!!
\minrowclearance=\skip71
\rownum=\count288
) (c:/texlive/2026/texmf-dist/tex/generic/iftex/iftex.sty
Package: iftex 2024/12/12 v1.0g TeX engine tests
) (c:/texlive/2026/texmf-dist/tex/latex/xifthen/xifthen.sty
Package: xifthen 2015/11/05 v1.4.0 Extended ifthen features
 (c:/texlive/2026/texmf-dist/tex/latex/base/ifthen.sty
Package: ifthen 2024/03/16 v1.1e Standard LaTeX ifthen package (DPC)
) (c:/texlive/2026/texmf-dist/tex/latex/ifmtarg/ifmtarg.sty
Package: ifmtarg 2018/04/16 v1.2b check for an empty argument
)) (c:/texlive/2026/texmf-dist/tex/latex/options/options.sty
Package: options 2015/03/01, Daan Leijen, Provides convenient path-value (or key-value) options
\opt@nesting=\count289
\opt@idx=\count290
\opt@choiceord=\count291
) (c:/texlive/2026/texmf-dist/tex/latex/l3packages/xparse/xparse.sty (c:/texlive/2026/texmf-dist/tex/latex/l3kernel/expl3.sty
Package: expl3 2026-08-10 L3 programming layer (loader) 
 (c:/texlive/2026/texmf-dist/tex/latex/l3kernel/l3backend-luatex.def
File: l3backend-luatex.def 2026-08-10 L3 backend support: PDF output (LuaTeX)
\l__color_backend_stack_int=\count292
Inserting `l3color' in `luaotfload.parse_color'.))
Package: xparse 2025-10-09 L3 Experimental document command parser
) (c:/texlive/2026/texmf-dist/tex/latex/xpatch/xpatch.sty
Package: xpatch 2020/03/25 v0.3a Extending etoolbox patching commands
) (c:/texlive/2026/texmf-dist/tex/generic/xstring/xstring.sty (c:/texlive/2026/texmf-dist/tex/generic/xstring/xstring.tex
\xs_counta=\count293
\xs_countb=\count294
)
Package: xstring 2023/08/22 v1.86 String manipulations (CT)
) (c:/texlive/2026/texmf-dist/tex/latex/tools/afterpage.sty
Package: afterpage 2023/07/04 v1.08 After-Page Package (DPC)
\AP@output=\toks19
\AP@partial=\box57
\AP@footins=\box58
) (c:/texlive/2026/texmf-dist/tex/latex/imakeidx/imakeidx.sty
Package: imakeidx 2016/10/15 v1.3e Package for typesetting indices in a synchronous mode
 (c:/texlive/2026/texmf-dist/tex/latex/xkeyval/xkeyval.sty
Package: xkeyval 2025/11/04 v2.10 package option processing (HA)
 (c:/texlive/2026/texmf-dist/tex/generic/xkeyval/xkeyval.tex (c:/texlive/2026/texmf-dist/tex/generic/xkeyval/xkvutils.tex
\XKV@toks=\toks20
\XKV@tempa@toks=\toks21
\XKV@tempb@toks=\toks22
)
\XKV@depth=\count295
File: xkeyval.tex 2014/12/03 v2.7a key=value parser (HA)
)) (c:/texlive/2026/texmf-dist/tex/generic/iftex/ifxetex.sty
Package: ifxetex 2019/10/25 v0.7 ifxetex legacy package. Use iftex instead.
) (c:/texlive/2026/texmf-dist/tex/generic/iftex/ifluatex.sty
Package: ifluatex 2019/10/25 v1.5 ifluatex legacy package. Use iftex instead.
) (c:/texlive/2026/texmf-dist/tex/latex/tools/multicol.sty
Package: multicol 2025/10/21 v2.0b multicolumn formatting (FMi)
\c@tracingmulticols=\count296
\mult@box=\box59
\multicol@leftmargin=\dimen154
\c@unbalance=\count297
\c@collectmore=\count298
\doublecol@number=\count299
\multicoltolerance=\count300
\multicolpretolerance=\count301
\full@width=\dimen155
\page@free=\dimen156
\premulticols=\dimen157
\postmulticols=\dimen158
\multicolsep=\skip72
\multicolbaselineskip=\skip73
\partial@page=\box60
\last@line=\box61
\mc@boxedresult=\box62
\maxbalancingoverflow=\dimen159
\mult@rightbox=\box63
\mult@grightbox=\box64
\mult@firstbox=\box65
\mult@gfirstbox=\box66
\@tempa=\box67
\@tempa=\box68
\@tempa=\box69
\@tempa=\box70
\@tempa=\box71
\@tempa=\box72
\@tempa=\box73
\@tempa=\box74
\@tempa=\box75
\@tempa=\box76
\@tempa=\box77
\@tempa=\box78
\@tempa=\box79
\@tempa=\box80
\@tempa=\box81
\@tempa=\box82
\@tempa=\box83
\@tempa=\box84
\@tempa=\box85
\@tempa=\box86
\@tempa=\box87
\@tempa=\box88
\@tempa=\box89
\@tempa=\box90
\@tempa=\box91
\@tempa=\box92
\@tempa=\box93
\@tempa=\box94
\@tempa=\box95
\@tempa=\box96
\@tempa=\box97
\@tempa=\box98
\@tempa=\box99
\@tempa=\box100
\@tempa=\box101
\@tempa=\box102
\c@minrows=\count302
\c@columnbadness=\count303
\c@finalcolumnbadness=\count304
\last@try=\dimen160
\multicolovershoot=\dimen161
\multicolundershoot=\dimen162
\mult@nat@firstbox=\box103
\colbreak@box=\box104
\mc@col@check@num=\count305
\g__mc_curr_col_int=\count306
)) (c:/texlive/2026/texmf-dist/tex/latex/tools/varioref.sty
Package: varioref 2026/05/04 v1.6i package for extended references (FMi)
\c@vrcnt=\count307
)
\hscale=\skip74
\vscale=\skip75
 (c:/texlive/2026/texmf-dist/tex/latex/geometry/geometry.sty
Package: geometry 2026/03/07 v6.0 Page Geometry
 (c:/texlive/2026/texmf-dist/tex/generic/iftex/ifvtex.sty
Package: ifvtex 2019/10/25 v1.7 ifvtex legacy package. Use iftex instead.
)
\Gm@cnth=\count308
\Gm@cntv=\count309
\c@Gm@tempcnt=\count310
\Gm@bindingoffset=\dimen163
\Gm@wd@mp=\dimen164
\Gm@odd@mp=\dimen165
\Gm@even@mp=\dimen166
\Gm@layoutwidth=\dimen167
\Gm@layoutheight=\dimen168
\Gm@layouthoffset=\dimen169
\Gm@layoutvoffset=\dimen170
\Gm@dimlist=\toks23
) (c:/texlive/2026/texmf-dist/tex/latex/koma-script/scrlayer-scrpage.sty
Package: scrlayer-scrpage 2026/02/02 v3.49.2 KOMA-Script package (end user interface for scrlayer)
 (c:/texlive/2026/texmf-dist/tex/latex/koma-script/scrlayer.sty
Package: scrlayer 2026/02/02 v3.49.2 KOMA-Script package (defining layers and page styles)
Package scrlayer Info: patching LaTeX kernel macro \pagestyle on input line 2179.
)
Package scrlayer-scrpage Info: Makeing stand-alone element `pagehead' from
(scrlayer-scrpage)             alias to `pageheadfoot' on input line 1106.
)
\headtextwidth=\skip76
\headmarginparsep=\skip77
\headmarginparwidth=\skip78
\headtotal=\skip79
\contentwidth=\skip80
 (c:/texlive/2026/texmf-dist/tex/latex/ragged2e/ragged2e.sty
Package: ragged2e 2023/06/22 v3.6 ragged2e Package
\CenteringLeftskip=\skip81
\RaggedLeftLeftskip=\skip82
\RaggedRightLeftskip=\skip83
\CenteringRightskip=\skip84
\RaggedLeftRightskip=\skip85
\RaggedRightRightskip=\skip86
\CenteringParfillskip=\skip87
\RaggedLeftParfillskip=\skip88
\RaggedRightParfillskip=\skip89
\JustifyingParfillskip=\skip90
\CenteringParindent=\skip91
\RaggedLeftParindent=\skip92
\RaggedRightParindent=\skip93
\JustifyingParindent=\skip94
) (c:/texlive/2026/texmf-dist/tex/latex/setspace/setspace.sty
Package: setspace 2022/12/04 v6.7b set line spacing
) (c:/texlive/2026/texmf-dist/tex/latex/hyphenat/hyphenat.sty
Package: hyphenat 2009/09/02 v2.3c hyphenation utilities
\langwohyphens=\language2
LaTeX Info: Redefining \_ on input line 43.
) (c:/texlive/2026/texmf-dist/tex/latex/microtype/microtype.sty
Package: microtype 2026/03/01 v3.2d Micro-typographical refinements (RS)
\MT@toks=\toks24
\MT@tempbox=\box105
\MT@count=\count311
LaTeX Info: Redefining \noprotrusionifhmode on input line 1084.
LaTeX Info: Redefining \leftprotrusion on input line 1085.
\MT@prot@toks=\toks25
LaTeX Info: Redefining \rightprotrusion on input line 1104.
LaTeX Info: Redefining \textls on input line 1449.
\MT@outer@kern=\dimen171
LaTeX Info: Redefining \microtypecontext on input line 2053.
LaTeX Info: Redefining \textmicrotypecontext on input line 2070.
\MT@listname@count=\count312
 (c:/texlive/2026/texmf-dist/tex/latex/microtype/microtype-luatex.def
File: microtype-luatex.def 2026/03/01 v3.2d Definitions specific to luatex (RS)
Lua module: microtype 2026/03/01 v3.2d microtype module.
Module microtype Info: overwriting function `keepligature' on input line 63
LaTeX Info: Redefining \lsstyle on input line 779.
LaTeX Info: Redefining \lslig on input line 779.
\MT@outer@space=\skip95
)
Package microtype Info: Loading configuration file microtype.cfg.
 (c:/texlive/2026/texmf-dist/tex/latex/microtype/microtype.cfg
File: microtype.cfg 2026/03/01 v3.2d microtype main configuration file (RS)
)
LaTeX Info: Redefining \microtypesetup on input line 3065.
) (c:/texlive/2026/texmf-dist/tex/latex/needspace/needspace.sty
Package: needspace 2025/03/13 v1.3e reserve vertical space
) (c:/texlive/2026/texmf-dist/tex/latex/tools/xspace.sty
Package: xspace 2014/10/28 v1.13 Space after command names (DPC,MH)
) (c:/texlive/2026/texmf-dist/tex/latex/placeins/placeins.sty
Package: placeins 2005/04/18  v 2.2
) (c:/texlive/2026/texmf-dist/tex/latex/marginnote/marginnote.sty
Package: marginnote 2026-06-15 1.5 non floating margin notes for LaTeX 
\c@mn@abspage=\count313
) (c:/texlive/2026/texmf-dist/tex/latex/sidenotes/sidenotes.sty (c:/texlive/2026/texmf-dist/tex/latex/l3packages/l3keys2e/l3keys2e.sty
Package: l3keys2e 2025-10-09 LaTeX2e option processing using LaTeX3 keys
)
Package: sidenotes 2024/09/12 v1.20 Rich text in the margin for LaTeX
 (c:/texlive/2026/texmf-dist/tex/latex/caption/caption.sty
Package: caption 2023/08/05 v3.6o Customizing captions (AR)

Package tocbasic Info: Loading of class-dependent code for package caption3
(tocbasic)             prevented on line 50.

 (c:/texlive/2026/texmf-dist/tex/latex/caption/caption3.sty
Package: caption3 2023/07/31 v2.4d caption3 kernel (AR)
\caption@tempdima=\dimen172
\captionmargin=\dimen173
\caption@leftmargin=\dimen174
\caption@rightmargin=\dimen175
\caption@width=\dimen176
\caption@indent=\dimen177
\caption@parindent=\dimen178
\caption@hangindent=\dimen179
)
\c@caption@flags=\count314
\c@continuedfloat=\count315
) (c:/texlive/2026/texmf-dist/tex/latex/changepage/changepage.sty
Package: changepage 2009/10/20 v1.0c check page and change page layout
\c@cp@cntr=\count316
\cp@tempcnt=\count317
)
\c@sidenote=\count318
\@sidenotes@marginfigurebox=\box106
\@sidenotes@margintablebox=\box107
) (c:/texlive/2026/texmf-dist/tex/latex/chngcntr/chngcntr.sty
Package: chngcntr 2018/04/09 v1.1a change counter resetting
Package chngcntr Info: \counterwithout already defined.
(chngcntr)             Quitting chngcntr on input line 21.
) (c:/texlive/2026/texmf-dist/tex/latex/footmisc/footmisc.sty
Package: footmisc 2025/05/09 v7.0b a miscellany of footnote facilities
\FN@temptoken=\toks26
\footnotemargin=\dimen180
Package footmisc Info: Declaring symbol style bringhurst on input line 549.
Package footmisc Info: Declaring symbol style chicago on input line 557.
Package footmisc Info: Declaring symbol style wiley on input line 566.
Package footmisc Info: Declaring symbol style lamport-robust on input line 577.
Package footmisc Info: Declaring symbol style lamport* on input line 597.
Package footmisc Info: Declaring symbol style lamport*-robust on input line 618.
) (c:/texlive/2026/texmf-dist/tex/latex/footnotebackref/footnotebackref.sty
Package: footnotebackref 2012/07/01 v1.0 Backreferences for footnotes (Holger Lange)
 (c:/texlive/2026/texmf-dist/tex/latex/letltxmacro/letltxmacro.sty
Package: letltxmacro 2019/12/03 v1.6 Let assignment for LaTeX macros (HO)
) (c:/texlive/2026/texmf-dist/tex/latex/hyperref/hyperref.sty
Package: hyperref 2026-06-17 v7.01r Hypertext links for LaTeX
 (c:/texlive/2026/texmf-dist/tex/generic/kvdefinekeys/kvdefinekeys.sty
Package: kvdefinekeys 2019-12-19 v1.6 Define keys (HO)
) (c:/texlive/2026/texmf-dist/tex/generic/pdfescape/pdfescape.sty
Package: pdfescape 2019/12/09 v1.15 Implements pdfTeX's escape features (HO)
 (c:/texlive/2026/texmf-dist/tex/generic/pdftexcmds/pdftexcmds.sty
Package: pdftexcmds 2020-06-27 v0.33 Utility functions of pdfTeX for LuaTeX (HO)
 (c:/texlive/2026/texmf-dist/tex/generic/infwarerr/infwarerr.sty
Package: infwarerr 2019/12/03 v1.5 Providing info/warning/error messages (HO)
)
Package pdftexcmds Info: \pdf@primitive is available.
Package pdftexcmds Info: \pdf@ifprimitive is available.
Package pdftexcmds Info: \pdfdraftmode found.
\pdftexcmds@toks=\toks27
)) (c:/texlive/2026/texmf-dist/tex/latex/hycolor/hycolor.sty
Package: hycolor 2020-01-27 v1.10 Color options for hyperref/bookmark (HO)
) (c:/texlive/2026/texmf-dist/tex/latex/hyperref/nameref.sty
Package: nameref 2026-01-29 v2.58 Cross-referencing by name of section
 (c:/texlive/2026/texmf-dist/tex/latex/refcount/refcount.sty
Package: refcount 2019/12/15 v3.6 Data extraction from label references (HO)
) (c:/texlive/2026/texmf-dist/tex/generic/gettitlestring/gettitlestring.sty
Package: gettitlestring 2019/12/15 v1.6 Cleanup title references (HO)
)
\c@section@level=\count319
) (c:/texlive/2026/texmf-dist/tex/generic/stringenc/stringenc.sty
Package: stringenc 2019/11/29 v1.12 Convert strings between diff. encodings (HO)
)
\@linkdim=\dimen181
\Hy@linkcounter=\count320
\Hy@pagecounter=\count321
 (c:/texlive/2026/texmf-dist/tex/latex/hyperref/pd1enc.def
File: pd1enc.def 2026-06-17 v7.01r Hyperref: PDFDocEncoding definition (HO)
) (c:/texlive/2026/texmf-dist/tex/generic/intcalc/intcalc.sty
Package: intcalc 2019/12/15 v1.3 Expandable calculations with integers (HO)
)
\Hy@SavedSpaceFactor=\count322
 (c:/texlive/2026/texmf-dist/tex/latex/hyperref/puenc.def
File: puenc.def 2026-06-17 v7.01r Hyperref: PDF Unicode definition (HO)
)
Package hyperref Info: Option `unicode' set `true' on input line 3164.
Package hyperref Info: Hyper figures OFF on input line 4199.
Package hyperref Info: Link nesting OFF on input line 4204.
Package hyperref Info: Hyper index ON on input line 4207.
Package hyperref Info: Plain pages OFF on input line 4214.
Package hyperref Info: Backreferencing OFF on input line 4219.
Package hyperref Info: Implicit mode ON; LaTeX internals redefined.
Package hyperref Info: Bookmarks ON on input line 4466.
\c@Hy@tempcnt=\count323
 (c:/texlive/2026/texmf-dist/tex/latex/url/url.sty
\Urlmuskip=\muskip17
Package: url 2013/09/16  ver 3.4  Verb mode for urls, etc.
)
LaTeX Info: Redefining \url on input line 4805.
\XeTeXLinkMargin=\dimen182
 (c:/texlive/2026/texmf-dist/tex/generic/bitset/bitset.sty
Package: bitset 2019/12/09 v1.3 Handle bit-vector datatype (HO)
 (c:/texlive/2026/texmf-dist/tex/generic/bigintcalc/bigintcalc.sty
Package: bigintcalc 2019/12/15 v1.5 Expandable calculations on big integers (HO)
))
\Fld@menulength=\count324
\Field@Width=\dimen183
\Fld@charsize=\dimen184
Package hyperref Info: Hyper figures OFF on input line 6091.
Package hyperref Info: Link nesting OFF on input line 6096.
Package hyperref Info: Hyper index ON on input line 6099.
Package hyperref Info: backreferencing OFF on input line 6106.
Package hyperref Info: Link coloring OFF on input line 6111.
Package hyperref Info: Link coloring with OCG OFF on input line 6116.
Package hyperref Info: PDF/A mode OFF on input line 6121.
\Hy@abspage=\count325
\c@Item=\count326
\c@Hfootnote=\count327
)
Package hyperref Info: Driver (autodetected): hluatex.
 (c:/texlive/2026/texmf-dist/tex/latex/hyperref/hluatex.def
File: hluatex.def 2026-06-17 v7.01r Hyperref driver for luaTeX
\Fld@listcount=\count328
\c@bookmark@seq@number=\count329
 (c:/texlive/2026/texmf-dist/tex/latex/rerunfilecheck/rerunfilecheck.sty
Package: rerunfilecheck 2025-06-21 v1.11 Rerun checks for auxiliary files (HO)
 (c:/texlive/2026/texmf-dist/tex/generic/uniquecounter/uniquecounter.sty
Package: uniquecounter 2019/12/15 v1.4 Provide unlimited unique counter (HO)
)
Package uniquecounter Info: New unique counter `rerunfilecheck' on input line 284.
)
\Hy@SectionHShift=\skip96
)
\c@BackrefHyperFootnoteCounter=\count330
) (c:/texlive/2026/texmf-dist/tex/latex/graphics/graphicx.sty
Package: graphicx 2026-05-17 v1.2e Enhanced LaTeX Graphics (DPC,SPQR)
 (c:/texlive/2026/texmf-dist/tex/latex/graphics/graphics.sty
Package: graphics 2026-05-17 v1.4h Standard LaTeX Graphics (DPC,SPQR)
 (c:/texlive/2026/texmf-dist/tex/latex/graphics/trig.sty
Package: trig 2023/12/02 v1.11 sin cos tan (DPC)
) (c:/texlive/2026/texmf-dist/tex/latex/graphics-cfg/graphics.cfg
File: graphics.cfg 2016/06/04 v1.11 sample graphics configuration
)
Package graphics Info: Driver file: luatex.def on input line 106.
)
\Gin@req@height=\dimen185
\Gin@req@width=\dimen186
) (c:/texlive/2026/texmf-dist/tex/latex/pgf/frontendlayer/tikz.sty (c:/texlive/2026/texmf-dist/tex/latex/pgf/basiclayer/pgf.sty (c:/texlive/2026/texmf-dist/tex/latex/pgf/utilities/pgfrcs.sty (c:/texlive/2026/texmf-dist/tex/generic/pgf/utilities/pgfutil-common.tex
\pgfutil@everybye=\toks28
\pgfutil@tempdima=\dimen187
\pgfutil@tempdimb=\dimen188
) (c:/texlive/2026/texmf-dist/tex/generic/pgf/utilities/pgfutil-latex.def
\pgfutil@abb=\box108
) (c:/texlive/2026/texmf-dist/tex/generic/pgf/utilities/pgfrcs.code.tex (c:/texlive/2026/texmf-dist/tex/generic/pgf/pgf.revision.tex)
Package: pgfrcs 2026-08-01 v3.1.12 (3.1.12)
))
Package: pgf 2026-08-01 v3.1.12 (3.1.12)
 (c:/texlive/2026/texmf-dist/tex/latex/pgf/basiclayer/pgfcore.sty (c:/texlive/2026/texmf-dist/tex/latex/pgf/systemlayer/pgfsys.sty (c:/texlive/2026/texmf-dist/tex/generic/pgf/systemlayer/pgfsys.code.tex
Package: pgfsys 2026-08-01 v3.1.12 (3.1.12)
 (c:/texlive/2026/texmf-dist/tex/generic/pgf/utilities/pgfkeys.code.tex
\pgfkeys@pathtoks=\toks29
\pgfkeys@temptoks=\toks30
 (c:/texlive/2026/texmf-dist/tex/generic/pgf/utilities/pgfkeyslibraryfiltered.code.tex
\pgfkeys@tmptoks=\toks31
))
\pgf@x=\dimen189
\pgf@y=\dimen190
\pgf@xa=\dimen191
\pgf@ya=\dimen192
\pgf@xb=\dimen193
\pgf@yb=\dimen194
\pgf@xc=\dimen195
\pgf@yc=\dimen196
\pgf@xd=\dimen197
\pgf@yd=\dimen198
\w@pgf@writea=\write3
\r@pgf@reada=\read2
\c@pgf@counta=\count331
\c@pgf@countb=\count332
\c@pgf@countc=\count333
\c@pgf@countd=\count334
\t@pgf@toka=\toks32
\t@pgf@tokb=\toks33
\t@pgf@tokc=\toks34
\pgf@sys@id@count=\count335
Lua function pgfsys@strcmp = 31 (c:/texlive/2026/texmf-dist/tex/generic/pgf/systemlayer/pgf.cfg
File: pgf.cfg 2026-08-01 v3.1.12 (3.1.12)
)
Driver file for pgf: pgfsys-luatex.def
 (c:/texlive/2026/texmf-dist/tex/generic/pgf/systemlayer/pgfsys-luatex.def
File: pgfsys-luatex.def 2026-08-01 v3.1.12 (3.1.12)
 (c:/texlive/2026/texmf-dist/tex/generic/pgf/systemlayer/pgfsys-common-pdf.def
File: pgfsys-common-pdf.def 2026-08-01 v3.1.12 (3.1.12)
))) (c:/texlive/2026/texmf-dist/tex/generic/pgf/systemlayer/pgfsyssoftpath.code.tex
File: pgfsyssoftpath.code.tex 2026-08-01 v3.1.12 (3.1.12)
\pgfsyssoftpath@smallbuffer@items=\count336
\pgfsyssoftpath@bigbuffer@items=\count337
) (c:/texlive/2026/texmf-dist/tex/generic/pgf/systemlayer/pgfsysprotocol.code.tex
File: pgfsysprotocol.code.tex 2026-08-01 v3.1.12 (3.1.12)
)) (c:/texlive/2026/texmf-dist/tex/generic/pgf/basiclayer/pgfcore.code.tex
Package: pgfcore 2026-08-01 v3.1.12 (3.1.12)
 (c:/texlive/2026/texmf-dist/tex/generic/pgf/math/pgfmath.code.tex (c:/texlive/2026/texmf-dist/tex/generic/pgf/math/pgfmathutil.code.tex) (c:/texlive/2026/texmf-dist/tex/generic/pgf/math/pgfmathparser.code.tex
\pgfmath@dimen=\dimen199
\pgfmath@count=\count338
\pgfmath@box=\box109
\pgfmath@toks=\toks35
\pgfmath@stack@operand=\toks36
\pgfmath@stack@operation=\toks37
) (c:/texlive/2026/texmf-dist/tex/generic/pgf/math/pgfmathfunctions.code.tex) (c:/texlive/2026/texmf-dist/tex/generic/pgf/math/pgfmathfunctions.basic.code.tex) (c:/texlive/2026/texmf-dist/tex/generic/pgf/math/pgfmathfunctions.trigonometric.code.tex) (c:/texlive/2026/texmf-dist/tex/generic/pgf/math/pgfmathfunctions.random.code.tex) (c:/texlive/2026/texmf-dist/tex/generic/pgf/math/pgfmathfunctions.comparison.code.tex) (c:/texlive/2026/texmf-dist/tex/generic/pgf/math/pgfmathfunctions.base.code.tex) (c:/texlive/2026/texmf-dist/tex/generic/pgf/math/pgfmathfunctions.round.code.tex) (c:/texlive/2026/texmf-dist/tex/generic/pgf/math/pgfmathfunctions.misc.code.tex) (c:/texlive/2026/texmf-dist/tex/generic/pgf/math/pgfmathfunctions.integerarithmetics.code.tex) (c:/texlive/2026/texmf-dist/tex/generic/pgf/math/pgfmathcalc.code.tex) (c:/texlive/2026/texmf-dist/tex/generic/pgf/math/pgfmathfloat.code.tex
\c@pgfmathroundto@lastzeros=\count339
)) (c:/texlive/2026/texmf-dist/tex/generic/pgf/math/pgfint.code.tex) (c:/texlive/2026/texmf-dist/tex/generic/pgf/basiclayer/pgfcorepoints.code.tex
File: pgfcorepoints.code.tex 2026-08-01 v3.1.12 (3.1.12)
\pgf@picminx=\dimen256
\pgf@picmaxx=\dimen257
\pgf@picminy=\dimen258
\pgf@picmaxy=\dimen259
\pgf@pathminx=\dimen260
\pgf@pathmaxx=\dimen261
\pgf@pathminy=\dimen262
\pgf@pathmaxy=\dimen263
\pgf@xx=\dimen264
\pgf@xy=\dimen265
\pgf@yx=\dimen266
\pgf@yy=\dimen267
\pgf@zx=\dimen268
\pgf@zy=\dimen269
) (c:/texlive/2026/texmf-dist/tex/generic/pgf/basiclayer/pgfcorepathconstruct.code.tex
File: pgfcorepathconstruct.code.tex 2026-08-01 v3.1.12 (3.1.12)
\pgf@path@lastx=\dimen270
\pgf@path@lasty=\dimen271
) (c:/texlive/2026/texmf-dist/tex/generic/pgf/basiclayer/pgfcorepathusage.code.tex
File: pgfcorepathusage.code.tex 2026-08-01 v3.1.12 (3.1.12)
\pgf@shorten@end@additional=\dimen272
\pgf@shorten@start@additional=\dimen273
) (c:/texlive/2026/texmf-dist/tex/generic/pgf/basiclayer/pgfcorescopes.code.tex
File: pgfcorescopes.code.tex 2026-08-01 v3.1.12 (3.1.12)
\pgfpic=\box110
\pgf@hbox=\box111
\pgf@layerbox@main=\box112
\pgf@picture@serial@count=\count340
) (c:/texlive/2026/texmf-dist/tex/generic/pgf/basiclayer/pgfcoregraphicstate.code.tex
File: pgfcoregraphicstate.code.tex 2026-08-01 v3.1.12 (3.1.12)
\pgflinewidth=\dimen274
) (c:/texlive/2026/texmf-dist/tex/generic/pgf/basiclayer/pgfcoretransformations.code.tex
File: pgfcoretransformations.code.tex 2026-08-01 v3.1.12 (3.1.12)
\pgf@pt@x=\dimen275
\pgf@pt@y=\dimen276
\pgf@pt@temp=\dimen277
) (c:/texlive/2026/texmf-dist/tex/generic/pgf/basiclayer/pgfcorequick.code.tex
File: pgfcorequick.code.tex 2026-08-01 v3.1.12 (3.1.12)
) (c:/texlive/2026/texmf-dist/tex/generic/pgf/basiclayer/pgfcoreobjects.code.tex
File: pgfcoreobjects.code.tex 2026-08-01 v3.1.12 (3.1.12)
) (c:/texlive/2026/texmf-dist/tex/generic/pgf/basiclayer/pgfcorepathprocessing.code.tex
File: pgfcorepathprocessing.code.tex 2026-08-01 v3.1.12 (3.1.12)
) (c:/texlive/2026/texmf-dist/tex/generic/pgf/basiclayer/pgfcorearrows.code.tex
File: pgfcorearrows.code.tex 2026-08-01 v3.1.12 (3.1.12)
\pgfarrowsep=\dimen278
) (c:/texlive/2026/texmf-dist/tex/generic/pgf/basiclayer/pgfcoreshade.code.tex
File: pgfcoreshade.code.tex 2026-08-01 v3.1.12 (3.1.12)
\pgf@max=\dimen279
\pgf@sys@shading@range@num=\count341
\pgf@shadingcount=\count342
) (c:/texlive/2026/texmf-dist/tex/generic/pgf/basiclayer/pgfcoreimage.code.tex
File: pgfcoreimage.code.tex 2026-08-01 v3.1.12 (3.1.12)
) (c:/texlive/2026/texmf-dist/tex/generic/pgf/basiclayer/pgfcoreexternal.code.tex
File: pgfcoreexternal.code.tex 2026-08-01 v3.1.12 (3.1.12)
\pgfexternal@startupbox=\box113
) (c:/texlive/2026/texmf-dist/tex/generic/pgf/basiclayer/pgfcorelayers.code.tex
File: pgfcorelayers.code.tex 2026-08-01 v3.1.12 (3.1.12)
) (c:/texlive/2026/texmf-dist/tex/generic/pgf/basiclayer/pgfcoretransparency.code.tex
File: pgfcoretransparency.code.tex 2026-08-01 v3.1.12 (3.1.12)
) (c:/texlive/2026/texmf-dist/tex/generic/pgf/basiclayer/pgfcorepatterns.code.tex
File: pgfcorepatterns.code.tex 2026-08-01 v3.1.12 (3.1.12)
) (c:/texlive/2026/texmf-dist/tex/generic/pgf/basiclayer/pgfcorerdf.code.tex
File: pgfcorerdf.code.tex 2026-08-01 v3.1.12 (3.1.12)
))) (c:/texlive/2026/texmf-dist/tex/generic/pgf/modules/pgfmoduleshapes.code.tex
File: pgfmoduleshapes.code.tex 2026-08-01 v3.1.12 (3.1.12)
\pgfnodeparttextbox=\box114
) (c:/texlive/2026/texmf-dist/tex/generic/pgf/modules/pgfmoduleplot.code.tex
File: pgfmoduleplot.code.tex 2026-08-01 v3.1.12 (3.1.12)
) (c:/texlive/2026/texmf-dist/tex/latex/pgf/compatibility/pgfcomp-version-0-65.sty
Package: pgfcomp-version-0-65 2026-08-01 v3.1.12 (3.1.12)
\pgf@nodesepstart=\dimen280
\pgf@nodesepend=\dimen281
) (c:/texlive/2026/texmf-dist/tex/latex/pgf/compatibility/pgfcomp-version-1-18.sty
Package: pgfcomp-version-1-18 2026-08-01 v3.1.12 (3.1.12)
)) (c:/texlive/2026/texmf-dist/tex/latex/pgf/utilities/pgffor.sty (c:/texlive/2026/texmf-dist/tex/latex/pgf/utilities/pgfkeys.sty (c:/texlive/2026/texmf-dist/tex/generic/pgf/utilities/pgfkeys.code.tex)) (c:/texlive/2026/texmf-dist/tex/latex/pgf/math/pgfmath.sty (c:/texlive/2026/texmf-dist/tex/generic/pgf/math/pgfmath.code.tex)) (c:/texlive/2026/texmf-dist/tex/generic/pgf/utilities/pgffor.code.tex
Package: pgffor 2026-08-01 v3.1.12 (3.1.12)
\pgffor@iter=\dimen282
\pgffor@skip=\dimen283
\pgffor@stack=\toks38
\pgffor@toks=\toks39
)) (c:/texlive/2026/texmf-dist/tex/generic/pgf/frontendlayer/tikz/tikz.code.tex
Package: tikz 2026-08-01 v3.1.12 (3.1.12)
 (c:/texlive/2026/texmf-dist/tex/generic/pgf/libraries/pgflibraryplothandlers.code.tex
File: pgflibraryplothandlers.code.tex 2026-08-01 v3.1.12 (3.1.12)
\pgf@plot@mark@count=\count343
\pgfplotmarksize=\dimen284
)
\tikz@lastx=\dimen285
\tikz@lasty=\dimen286
\tikz@lastxsaved=\dimen287
\tikz@lastysaved=\dimen288
\tikz@lastmovetox=\dimen289
\tikz@lastmovetoy=\dimen290
\tikzleveldistance=\dimen291
\tikzsiblingdistance=\dimen292
\tikz@figbox=\box115
\tikz@figbox@bg=\box116
\tikz@tempbox=\box117
\tikz@tempbox@bg=\box118
\tikztreelevel=\count344
\tikznumberofchildren=\count345
\tikznumberofcurrentchild=\count346
\tikz@fig@count=\count347
 (c:/texlive/2026/texmf-dist/tex/generic/pgf/modules/pgfmodulematrix.code.tex
File: pgfmodulematrix.code.tex 2026-08-01 v3.1.12 (3.1.12)
\pgfmatrixcurrentrow=\count348
\pgfmatrixcurrentcolumn=\count349
\pgf@matrix@numberofcolumns=\count350
)
\tikz@expandcount=\count351
 (c:/texlive/2026/texmf-dist/tex/generic/pgf/frontendlayer/tikz/libraries/tikzlibrarytopaths.code.tex
File: tikzlibrarytopaths.code.tex 2026-08-01 v3.1.12 (3.1.12)
))) (c:/texlive/2026/texmf-dist/tex/latex/tikzpagenodes/tikzpagenodes.sty
Package: tikzpagenodes 2012/09/16 v1.1 Special PGF/TikZ nodes for areas of the page
 (c:/texlive/2026/texmf-dist/tex/latex/ifoddpage/ifoddpage.sty
Package: ifoddpage 2022/10/18 v1.2 Conditionals for odd/even page detection
\c@checkoddpage=\count352
LaTeX Info: Redefining \checkoddpage on input line 45.
)) (c:/texlive/2026/texmf-dist/tex/latex/floatrow/floatrow.sty
Package: floatrow 2008/08/02 v0.3b floatrow: float package extension
\c@float@type=\count353
\float@exts=\toks40
\float@box=\box119
\@floatcapt=\box120
Package floatrow Info: Modified float package code loaded on input line 455.
Package floatrow Info: Modified rotfloat package code loaded on input line 473.
\FR@everyfloat=\toks41
\flrow@foot=\insert252
\FB@wd=\dimen293
\FBo@wd=\dimen294
\FBc@wd=\dimen295
\FBo@ht=\skip97
\FBc@ht=\skip98
\FBf@ht=\skip99
\FBo@max=\skip100
\FBc@max=\skip101
\FBf@max=\skip102
\c@FBl@b=\count354
\floatbox@depth=\count355
\c@FRobj=\count356
\c@FRsobj=\count357
\Xhsize=\skip103
\sXhsize=\skip104
\Zhsize=\skip105
\sZhsize=\skip106
\flrow@rowbox=\box121
\FR@Zunitlength=\dimen296
\c@FBcnt=\count358
\FPOScnt=\count359
\LTleft=\skip107
\LTright=\skip108
\LTleft=\skip109
\LTright=\skip110
\flrow@types=\toks42
) (c:/texlive/2026/texmf-dist/tex/latex/booktabs/booktabs.sty
Package: booktabs 2020/01/12 v1.61803398 Publication quality tables
\heavyrulewidth=\dimen297
\lightrulewidth=\dimen298
\cmidrulewidth=\dimen299
\belowrulesep=\dimen300
\belowbottomsep=\dimen301
\aboverulesep=\dimen302
\abovetopsep=\dimen303
\cmidrulesep=\dimen304
\cmidrulekern=\dimen305
\defaultaddspace=\dimen306
\@cmidla=\count360
\@cmidlb=\count361
\@aboverulesep=\dimen307
\@belowrulesep=\dimen308
\@thisruleclass=\count362
\@lastruleclass=\count363
\@thisrulewidth=\dimen309
) (c:/texlive/2026/texmf-dist/tex/latex/multirow/multirow.sty
Package: multirow 2024/11/12 v2.9 Span multiple rows of a table
\multirow@colwidth=\skip111
\multirow@cntb=\count364
\multirow@dima=\skip112
\bigstrutjot=\dimen310
) (c:/texlive/2026/texmf-dist/tex/latex/graphics/rotating.sty
Package: rotating 2026-05-17 v2.16e rotated objects in LaTeX
\c@r@tfl@t=\count365
\rotFPtop=\skip113
\rotFPbot=\skip114
\rot@float@box=\box122
\rot@mess@toks=\toks43
) (c:/texlive/2026/texmf-dist/tex/latex/listings/listings.sty
\lst@mode=\count366
\lst@gtempboxa=\box123
\lst@token=\toks44
\lst@length=\count367
\lst@currlwidth=\dimen311
\lst@column=\count368
\lst@pos=\count369
\lst@lostspace=\dimen312
\lst@width=\dimen313
\lst@newlines=\count370
\lst@lineno=\count371
\lst@maxwidth=\dimen314
 (c:/texlive/2026/texmf-dist/tex/latex/listings/lstpatch.sty
File: lstpatch.sty 2025/11/14 1.11b (Carsten Heinz)
) (c:/texlive/2026/texmf-dist/tex/latex/listings/lstmisc.sty
File: lstmisc.sty 2025/11/14 1.11b (Carsten Heinz)
\c@lstnumber=\count372
\lst@skipnumbers=\count373
\lst@framebox=\box124
) (c:/texlive/2026/texmf-dist/tex/latex/listings/listings.cfg
File: listings.cfg 2025/11/14 1.11b listings configuration
))
Package: listings 2025/11/14 1.11b (Carsten Heinz)
\kaomarginskipabove=\skip115
\kaomarginskipbelow=\skip116
\@sidenotes@marginlistingbox=\box125
\mycap=\box126
\scr@dte@lstlisting@maxnumwidth=\skip117
\scr@dte@listing@maxnumwidth=\skip118
 (c:/texlive/2026/texmf-dist/tex/latex/etoc/etoc.sty
Package: etoc 2026/05/04 v1.2e Completely customisable TOCs (JFB)
\Etoc@toctoks=\toks45
\c@etoc@tocid=\count374
\etoc@framed@titlebox=\box127
\etoc@framed@contentsbox=\box128
)
\c@margintocdepth=\count375
\mtocshift=\skip119
 (c:/texlive/2026/texmf-dist/tex/latex/amsfonts/amssymb.sty
Package: amssymb 2013/01/14 v3.01 AMS font symbols
 (c:/texlive/2026/texmf-dist/tex/latex/amsfonts/amsfonts.sty
Package: amsfonts 2013/01/14 v3.01 Basic AMSFonts support
\@emptytoks=\toks46
\symAMSa=\mathgroup4
\symAMSb=\mathgroup5
LaTeX Font Info:    Redeclaring math symbol \hbar on input line 98.
LaTeX Font Info:    Overwriting math alphabet `\mathfrak' in version `bold'
(Font)                  U/euf/m/n --> U/euf/b/n on input line 106.
)) (c:/texlive/2026/texmf-dist/tex/latex/filehook/filehook.sty
Package: filehook 2022/10/25 v0.8b Hooks for input files
 (c:/texlive/2026/texmf-dist/tex/latex/filehook/filehook-2020.sty
Package: filehook-2020 2022/10/25 v0.8b Hooks for input files
))
(c:/texlive/2026/texmf-dist/tex/latex/unicode-math/unicode-math.sty
Package: unicode-math 2023/08/13 v0.8r Unicode maths in XeLaTeX and LuaLaTeX
 (c:/texlive/2026/texmf-dist/tex/latex/unicode-math/unicode-math-luatex.sty
Package: unicode-math-luatex 2023/08/13 v0.8r Unicode maths in XeLaTeX and LuaLaTeX
 (c:/texlive/2026/texmf-dist/tex/latex/fontspec/fontspec.sty
Package: fontspec 2026/08/11 v2.9h Font selection for XeLaTeX and LuaLaTeX
Lua module: fontspec 2026/08/11 v2.9h Font selection for XeLaTeX and LuaLaTeX (c:/texlive/2026/texmf-dist/tex/latex/fontspec/fontspec-luatex.sty
Package: fontspec-luatex 2026/08/11 v2.9h Font selection for XeLaTeX and LuaLaTeX
\l__fontspec_script_int=\count376
\l__fontspec_language_int=\count377
\l__fontspec_strnum_int=\count378
\l__fontspec_tmp_int=\count379
\l__fontspec_tmpa_int=\count380
\l__fontspec_tmpb_int=\count381
\l__fontspec_tmpc_int=\count382
\l__fontspec_em_int=\count383
\l__fontspec_emdef_int=\count384
\l__fontspec_strong_int=\count385
\l__fontspec_strongdef_int=\count386
\l__fontspec_tmpa_dim=\dimen315
\l__fontspec_tmpb_dim=\dimen316
\l__fontspec_tmpc_dim=\dimen317
 (c:/texlive/2026/texmf-dist/tex/latex/base/fontenc.sty
Package: fontenc 2025/07/18 v2.1d Standard LaTeX package
) (c:/texlive/2026/texmf-dist/tex/latex/fontspec/fontspec.cfg))) (c:/texlive/2026/texmf-dist/tex/latex/base/fix-cm.sty
Package: fix-cm 2020/11/24 v1.1t fixes to LaTeX
 (c:/texlive/2026/texmf-dist/tex/latex/base/ts1enc.def
File: ts1enc.def 2001/06/05 v3.0e (jk/car/fm) Standard LaTeX file
LaTeX Font Info:    Redeclaring font encoding TS1 on input line 47.
LaTeX Encoding Info:    Redeclaring text command \capitalcedilla (encoding TS1) on input line 49.
LaTeX Encoding Info:    Redeclaring text command \capitalogonek (encoding TS1) on input line 52.
LaTeX Encoding Info:    Redeclaring text command \capitalgrave (encoding TS1) on input line 55.
LaTeX Encoding Info:    Redeclaring text command \capitalacute (encoding TS1) on input line 56.
LaTeX Encoding Info:    Redeclaring text command \capitalcircumflex (encoding TS1) on input line 57.
LaTeX Encoding Info:    Redeclaring text command \capitaltilde (encoding TS1) on input line 58.
LaTeX Encoding Info:    Redeclaring text command \capitaldieresis (encoding TS1) on input line 59.
LaTeX Encoding Info:    Redeclaring text command \capitalhungarumlaut (encoding TS1) on input line 60.
LaTeX Encoding Info:    Redeclaring text command \capitalring (encoding TS1) on input line 61.
LaTeX Encoding Info:    Redeclaring text command \capitalcaron (encoding TS1) on input line 62.
LaTeX Encoding Info:    Redeclaring text command \capitalbreve (encoding TS1) on input line 63.
LaTeX Encoding Info:    Redeclaring text command \capitalmacron (encoding TS1) on input line 64.
LaTeX Encoding Info:    Redeclaring text command \capitaldotaccent (encoding TS1) on input line 65.
LaTeX Encoding Info:    Redeclaring text command \t (encoding TS1) on input line 66.
LaTeX Encoding Info:    Redeclaring text command \capitaltie (encoding TS1) on input line 67.
LaTeX Encoding Info:    Redeclaring text command \newtie (encoding TS1) on input line 68.
LaTeX Encoding Info:    Redeclaring text command \capitalnewtie (encoding TS1) on input line 69.
LaTeX Encoding Info:    Redeclaring text symbol \textcapitalcompwordmark (encoding TS1) on input line 70.
LaTeX Encoding Info:    Redeclaring text symbol \textascendercompwordmark (encoding TS1) on input line 71.
LaTeX Encoding Info:    Redeclaring text symbol \textquotestraightbase (encoding TS1) on input line 72.
LaTeX Encoding Info:    Redeclaring text symbol \textquotestraightdblbase (encoding TS1) on input line 73.
LaTeX Encoding Info:    Redeclaring text symbol \texttwelveudash (encoding TS1) on input line 74.
LaTeX Encoding Info:    Redeclaring text symbol \textthreequartersemdash (encoding TS1) on input line 75.
LaTeX Encoding Info:    Redeclaring text symbol \textleftarrow (encoding TS1) on input line 76.
LaTeX Encoding Info:    Redeclaring text symbol \textrightarrow (encoding TS1) on input line 77.
LaTeX Encoding Info:    Redeclaring text symbol \textblank (encoding TS1) on input line 78.
LaTeX Encoding Info:    Redeclaring text symbol \textdollar (encoding TS1) on input line 79.
LaTeX Encoding Info:    Redeclaring text symbol \textquotesingle (encoding TS1) on input line 80.
LaTeX Encoding Info:    Redeclaring text command \textasteriskcentered (encoding TS1) on input line 81.
LaTeX Encoding Info:    Redeclaring text symbol \textdblhyphen (encoding TS1) on input line 92.
LaTeX Encoding Info:    Redeclaring text symbol \textfractionsolidus (encoding TS1) on input line 93.
LaTeX Encoding Info:    Redeclaring text symbol \textzerooldstyle (encoding TS1) on input line 94.
LaTeX Encoding Info:    Redeclaring text symbol \textoneoldstyle (encoding TS1) on input line 95.
LaTeX Encoding Info:    Redeclaring text symbol \texttwooldstyle (encoding TS1) on input line 96.
LaTeX Encoding Info:    Redeclaring text symbol \textthreeoldstyle (encoding TS1) on input line 97.
LaTeX Encoding Info:    Redeclaring text symbol \textfouroldstyle (encoding TS1) on input line 98.
LaTeX Encoding Info:    Redeclaring text symbol \textfiveoldstyle (encoding TS1) on input line 99.
LaTeX Encoding Info:    Redeclaring text symbol \textsixoldstyle (encoding TS1) on input line 100.
LaTeX Encoding Info:    Redeclaring text symbol \textsevenoldstyle (encoding TS1) on input line 101.
LaTeX Encoding Info:    Redeclaring text symbol \texteightoldstyle (encoding TS1) on input line 102.
LaTeX Encoding Info:    Redeclaring text symbol \textnineoldstyle (encoding TS1) on input line 103.
LaTeX Encoding Info:    Redeclaring text symbol \textlangle (encoding TS1) on input line 104.
LaTeX Encoding Info:    Redeclaring text symbol \textminus (encoding TS1) on input line 105.
LaTeX Encoding Info:    Redeclaring text symbol \textrangle (encoding TS1) on input line 106.
LaTeX Encoding Info:    Redeclaring text symbol \textmho (encoding TS1) on input line 107.
LaTeX Encoding Info:    Redeclaring text symbol \textbigcircle (encoding TS1) on input line 108.
LaTeX Encoding Info:    Redeclaring text command \textcircled (encoding TS1) on input line 109.
LaTeX Encoding Info:    Redeclaring text symbol \textohm (encoding TS1) on input line 115.
LaTeX Encoding Info:    Redeclaring text symbol \textlbrackdbl (encoding TS1) on input line 116.
LaTeX Encoding Info:    Redeclaring text symbol \textrbrackdbl (encoding TS1) on input line 117.
LaTeX Encoding Info:    Redeclaring text symbol \textuparrow (encoding TS1) on input line 118.
LaTeX Encoding Info:    Redeclaring text symbol \textdownarrow (encoding TS1) on input line 119.
LaTeX Encoding Info:    Redeclaring text symbol \textasciigrave (encoding TS1) on input line 120.
LaTeX Encoding Info:    Redeclaring text symbol \textborn (encoding TS1) on input line 121.
LaTeX Encoding Info:    Redeclaring text symbol \textdivorced (encoding TS1) on input line 122.
LaTeX Encoding Info:    Redeclaring text symbol \textdied (encoding TS1) on input line 123.
LaTeX Encoding Info:    Redeclaring text symbol \textleaf (encoding TS1) on input line 124.
LaTeX Encoding Info:    Redeclaring text symbol \textmarried (encoding TS1) on input line 125.
LaTeX Encoding Info:    Redeclaring text symbol \textmusicalnote (encoding TS1) on input line 126.
LaTeX Encoding Info:    Redeclaring text symbol \texttildelow (encoding TS1) on input line 127.
LaTeX Encoding Info:    Redeclaring text symbol \textdblhyphenchar (encoding TS1) on input line 128.
LaTeX Encoding Info:    Redeclaring text symbol \textasciibreve (encoding TS1) on input line 129.
LaTeX Encoding Info:    Redeclaring text symbol \textasciicaron (encoding TS1) on input line 130.
LaTeX Encoding Info:    Redeclaring text symbol \textacutedbl (encoding TS1) on input line 131.
LaTeX Encoding Info:    Redeclaring text symbol \textgravedbl (encoding TS1) on input line 132.
LaTeX Encoding Info:    Redeclaring text symbol \textdagger (encoding TS1) on input line 133.
LaTeX Encoding Info:    Redeclaring text symbol \textdaggerdbl (encoding TS1) on input line 134.
LaTeX Encoding Info:    Redeclaring text symbol \textbardbl (encoding TS1) on input line 135.
LaTeX Encoding Info:    Redeclaring text symbol \textperthousand (encoding TS1) on input line 136.
LaTeX Encoding Info:    Redeclaring text symbol \textbullet (encoding TS1) on input line 137.
LaTeX Encoding Info:    Redeclaring text symbol \textcelsius (encoding TS1) on input line 138.
LaTeX Encoding Info:    Redeclaring text symbol \textdollaroldstyle (encoding TS1) on input line 139.
LaTeX Encoding Info:    Redeclaring text symbol \textcentoldstyle (encoding TS1) on input line 140.
LaTeX Encoding Info:    Redeclaring text symbol \textflorin (encoding TS1) on input line 141.
LaTeX Encoding Info:    Redeclaring text symbol \textcolonmonetary (encoding TS1) on input line 142.
LaTeX Encoding Info:    Redeclaring text symbol \textwon (encoding TS1) on input line 143.
LaTeX Encoding Info:    Redeclaring text symbol \textnaira (encoding TS1) on input line 144.
LaTeX Encoding Info:    Redeclaring text symbol \textguarani (encoding TS1) on input line 145.
LaTeX Encoding Info:    Redeclaring text symbol \textpeso (encoding TS1) on input line 146.
LaTeX Encoding Info:    Redeclaring text symbol \textlira (encoding TS1) on input line 147.
LaTeX Encoding Info:    Redeclaring text symbol \textrecipe (encoding TS1) on input line 148.
LaTeX Encoding Info:    Redeclaring text symbol \textinterrobang (encoding TS1) on input line 149.
LaTeX Encoding Info:    Redeclaring text symbol \textinterrobangdown (encoding TS1) on input line 150.
LaTeX Encoding Info:    Redeclaring text symbol \textdong (encoding TS1) on input line 151.
LaTeX Encoding Info:    Redeclaring text symbol \texttrademark (encoding TS1) on input line 152.
LaTeX Encoding Info:    Redeclaring text symbol \textpertenthousand (encoding TS1) on input line 153.
LaTeX Encoding Info:    Redeclaring text symbol \textpilcrow (encoding TS1) on input line 154.
LaTeX Encoding Info:    Redeclaring text symbol \textbaht (encoding TS1) on input line 155.
LaTeX Encoding Info:    Redeclaring text symbol \textnumero (encoding TS1) on input line 156.
LaTeX Encoding Info:    Redeclaring text symbol \textdiscount (encoding TS1) on input line 157.
LaTeX Encoding Info:    Redeclaring text symbol \textestimated (encoding TS1) on input line 158.
LaTeX Encoding Info:    Redeclaring text symbol \textopenbullet (encoding TS1) on input line 159.
LaTeX Encoding Info:    Redeclaring text symbol \textservicemark (encoding TS1) on input line 160.
LaTeX Encoding Info:    Redeclaring text symbol \textlquill (encoding TS1) on input line 161.
LaTeX Encoding Info:    Redeclaring text symbol \textrquill (encoding TS1) on input line 162.
LaTeX Encoding Info:    Redeclaring text symbol \textcent (encoding TS1) on input line 163.
LaTeX Encoding Info:    Redeclaring text symbol \textsterling (encoding TS1) on input line 164.
LaTeX Encoding Info:    Redeclaring text symbol \textcurrency (encoding TS1) on input line 165.
LaTeX Encoding Info:    Redeclaring text symbol \textyen (encoding TS1) on input line 166.
LaTeX Encoding Info:    Redeclaring text symbol \textbrokenbar (encoding TS1) on input line 167.
LaTeX Encoding Info:    Redeclaring text symbol \textsection (encoding TS1) on input line 168.
LaTeX Encoding Info:    Redeclaring text symbol \textasciidieresis (encoding TS1) on input line 169.
LaTeX Encoding Info:    Redeclaring text symbol \textcopyright (encoding TS1) on input line 170.
LaTeX Encoding Info:    Redeclaring text symbol \textordfeminine (encoding TS1) on input line 171.
LaTeX Encoding Info:    Redeclaring text symbol \textcopyleft (encoding TS1) on input line 172.
LaTeX Encoding Info:    Redeclaring text symbol \textlnot (encoding TS1) on input line 173.
LaTeX Encoding Info:    Redeclaring text symbol \textcircledP (encoding TS1) on input line 174.
LaTeX Encoding Info:    Redeclaring text symbol \textregistered (encoding TS1) on input line 175.
LaTeX Encoding Info:    Redeclaring text symbol \textasciimacron (encoding TS1) on input line 176.
LaTeX Encoding Info:    Redeclaring text symbol \textdegree (encoding TS1) on input line 177.
LaTeX Encoding Info:    Redeclaring text symbol \textpm (encoding TS1) on input line 178.
LaTeX Encoding Info:    Redeclaring text symbol \texttwosuperior (encoding TS1) on input line 179.
LaTeX Encoding Info:    Redeclaring text symbol \textthreesuperior (encoding TS1) on input line 180.
LaTeX Encoding Info:    Redeclaring text symbol \textasciiacute (encoding TS1) on input line 181.
LaTeX Encoding Info:    Redeclaring text symbol \textmu (encoding TS1) on input line 182.
LaTeX Encoding Info:    Redeclaring text symbol \textparagraph (encoding TS1) on input line 183.
LaTeX Encoding Info:    Redeclaring text symbol \textperiodcentered (encoding TS1) on input line 184.
LaTeX Encoding Info:    Redeclaring text symbol \textreferencemark (encoding TS1) on input line 185.
LaTeX Encoding Info:    Redeclaring text symbol \textonesuperior (encoding TS1) on input line 186.
LaTeX Encoding Info:    Redeclaring text symbol \textordmasculine (encoding TS1) on input line 187.
LaTeX Encoding Info:    Redeclaring text symbol \textsurd (encoding TS1) on input line 188.
LaTeX Encoding Info:    Redeclaring text symbol \textonequarter (encoding TS1) on input line 189.
LaTeX Encoding Info:    Redeclaring text symbol \textonehalf (encoding TS1) on input line 190.
LaTeX Encoding Info:    Redeclaring text symbol \textthreequarters (encoding TS1) on input line 191.
LaTeX Encoding Info:    Redeclaring text symbol \texteuro (encoding TS1) on input line 192.
LaTeX Encoding Info:    Redeclaring text symbol \texttimes (encoding TS1) on input line 193.
LaTeX Encoding Info:    Redeclaring text symbol \textdiv (encoding TS1) on input line 194.
)) (c:/texlive/2026/texmf-dist/tex/latex/amsmath/amsmath.sty
Package: amsmath 2026/05/19 v2.18d AMS math features
\@mathmargin=\skip120

For additional information on amsmath, use the `?' option.
(c:/texlive/2026/texmf-dist/tex/latex/amsmath/amstext.sty
Package: amstext 2024/11/17 v2.01 AMS text
 (c:/texlive/2026/texmf-dist/tex/latex/amsmath/amsgen.sty
File: amsgen.sty 1999/11/30 v2.0 generic functions
\@emptytoks=\toks47
\ex@=\dimen318
)) (c:/texlive/2026/texmf-dist/tex/latex/amsmath/amsbsy.sty
Package: amsbsy 1999/11/29 v1.2d Bold Symbols
\pmbraise@=\dimen319
) (c:/texlive/2026/texmf-dist/tex/latex/amsmath/amsopn.sty
Package: amsopn 2022/04/08 v2.04 operator names
)
\inf@bad=\count387
LaTeX Info: Redefining \frac on input line 235.
\uproot@=\count388
\leftroot@=\count389
LaTeX Info: Redefining \overline on input line 398.
LaTeX Info: Redefining \colon on input line 409.
\classnum@=\count390
\DOTSCASE@=\count391
LaTeX Info: Redefining \ldots on input line 495.
LaTeX Info: Redefining \dots on input line 498.
LaTeX Info: Redefining \cdots on input line 619.
\Mathstrutbox@=\box129
\strutbox@=\box130
LaTeX Info: Redefining \big on input line 721.
LaTeX Info: Redefining \Big on input line 722.
LaTeX Info: Redefining \bigg on input line 723.
LaTeX Info: Redefining \Bigg on input line 724.
\big@size=\dimen320
LaTeX Font Info:    Redeclaring font encoding OML on input line 742.
LaTeX Font Info:    Redeclaring font encoding OMS on input line 743.
\macc@depth=\count392
LaTeX Info: Redefining \bmod on input line 904.
LaTeX Info: Redefining \pmod on input line 909.
LaTeX Info: Redefining \smash on input line 939.
LaTeX Info: Redefining \relbar on input line 969.
LaTeX Info: Redefining \Relbar on input line 970.
\c@MaxMatrixCols=\count393
\dotsspace@=\muskip18
\c@parentequation=\count394
\dspbrk@lvl=\count395
\tag@help=\toks48
\row@=\count396
\column@=\count397
\maxfields@=\count398
\andhelp@=\toks49
\eqnshift@=\dimen321
\alignsep@=\dimen322
\tagshift@=\dimen323
\tagwidth@=\dimen324
\totwidth@=\dimen325
\lineht@=\dimen326
\@envbody=\toks50
\multlinegap=\skip121
\multlinetaggap=\skip122
\mathdisplay@stack=\toks51
LaTeX Info: Redefining \[ on input line 2965.
LaTeX Info: Redefining \] on input line 2966.
) (c:/texlive/2026/texmf-dist/tex/lualatex/lualatex-math/lualatex-math.sty
Package: lualatex-math 2022/01/01 v1.12 Patches for mathematics typesetting with LuaLaTeX
Lua module: lualatex-math 2013/08/03 v1.3 Patches for mathematics typesetting with LuaLaTeX)
\g__um_fam_int=\count399
\g__um_fonts_used_int=\count400
\l__um_primecount_int=\count401
\g__um_primekern_muskip=\muskip19
 (c:/texlive/2026/texmf-dist/tex/latex/unicode-math/unicode-math-table.tex)))
luaotfload | cache : Lookup cache loaded from C:/Users/Vamsi Madhav Tata/.texlive2026/texmf-var/luatex-cache/generic/names/luaotfload-lookup-cache.luc.

Package fontspec Info: 
(fontspec)             Libertinus Serif scale = 1.04.


Package fontspec Info: 
(fontspec)             Libertinus Serif scale = 1.04.


Package fontspec Info: 
(fontspec)             Libertinus Serif scale = 1.04.


Package fontspec Info: 
(fontspec)             Libertinus Serif/B scale = 1.04.


Package fontspec Info: 
(fontspec)             Libertinus Serif/B scale = 1.04.


Package fontspec Info: 
(fontspec)             Libertinus Serif/I scale = 1.04.


Package fontspec Info: 
(fontspec)             Libertinus Serif/I scale = 1.04.


Package fontspec Info: 
(fontspec)             Libertinus Serif/BI scale = 1.04.


Package fontspec Info: 
(fontspec)             Libertinus Serif/BI scale = 1.04.


Package fontspec Info: 
(fontspec)             Font family 'LibertinusSerif(0)' created for font
(fontspec)             'Libertinus Serif' with options
(fontspec)             [Ligatures=TeX,Scale=1.04].
(fontspec)              
(fontspec)              This font family consists of the following NFSS
(fontspec)             series/shapes:
(fontspec)              
(fontspec)             - 'normal' (m/n) with NFSS spec.:
(fontspec)             <->s*[1.04]"name:Libertinus
(fontspec)             Serif:mode=node;script=latn;language=dflt;+tlig;"
(fontspec)             - 'small caps'  (m/sc) with NFSS spec.:
(fontspec)             <->s*[1.04]"name:Libertinus
(fontspec)             Serif:mode=node;script=latn;language=dflt;+tlig;+smcp;"
(fontspec)             - 'bold' (b/n) with NFSS spec.:
(fontspec)             <->s*[1.04]"name:Libertinus
(fontspec)             Serif/B:mode=node;script=latn;language=dflt;+tlig;"
(fontspec)             - 'bold small caps'  (b/sc) with NFSS spec.:
(fontspec)             <->s*[1.04]"name:Libertinus
(fontspec)             Serif/B:mode=node;script=latn;language=dflt;+tlig;+smcp;"
(fontspec)             - 'italic' (m/it) with NFSS spec.:
(fontspec)             <->s*[1.04]"name:Libertinus
(fontspec)             Serif/I:mode=node;script=latn;language=dflt;+tlig;"
(fontspec)             - 'italic small caps'  (m/scit) with NFSS spec.:
(fontspec)             <->s*[1.04]"name:Libertinus
(fontspec)             Serif/I:mode=node;script=latn;language=dflt;+tlig;+smcp;"
(fontspec)             - 'bold italic' (b/it) with NFSS spec.:
(fontspec)             <->s*[1.04]"name:Libertinus
(fontspec)             Serif/BI:mode=node;script=latn;language=dflt;+tlig;"
(fontspec)             - 'bold italic small caps'  (b/scit) with NFSS spec.:
(fontspec)             <->s*[1.04]"name:Libertinus
(fontspec)             Serif/BI:mode=node;script=latn;language=dflt;+tlig;+smcp;"


Package fontspec Info: 
(fontspec)             Libertinus Serif scale = 1.04.


Package fontspec Info: 
(fontspec)             Libertinus Serif scale = 1.04.


Package fontspec Info: 
(fontspec)             Libertinus Serif scale = 1.04.


Package fontspec Info: 
(fontspec)             Libertinus Serif/B scale = 1.04.


Package fontspec Info: 
(fontspec)             Libertinus Serif/B scale = 1.04.


Package fontspec Info: 
(fontspec)             Libertinus Serif/I scale = 1.04.


Package fontspec Info: 
(fontspec)             Libertinus Serif/I scale = 1.04.


Package fontspec Info: 
(fontspec)             Libertinus Serif/BI scale = 1.04.


Package fontspec Info: 
(fontspec)             Libertinus Serif/BI scale = 1.04.


Package fontspec Info: 
(fontspec)             Font family 'LibertinusSerif(1)' created for font
(fontspec)             'Libertinus Serif' with options
(fontspec)             [Renderer=Basic,Scale=1.04].
(fontspec)              
(fontspec)              This font family consists of the following NFSS
(fontspec)             series/shapes:
(fontspec)              
(fontspec)             - 'normal' (m/n) with NFSS spec.:
(fontspec)             <->s*[1.04]"name:Libertinus
(fontspec)             Serif:mode=base;script=latn;language=dflt;"
(fontspec)             - 'small caps'  (m/sc) with NFSS spec.:
(fontspec)             <->s*[1.04]"name:Libertinus
(fontspec)             Serif:mode=base;script=latn;language=dflt;+smcp;"
(fontspec)             - 'bold' (b/n) with NFSS spec.:
(fontspec)             <->s*[1.04]"name:Libertinus
(fontspec)             Serif/B:mode=base;script=latn;language=dflt;"
(fontspec)             - 'bold small caps'  (b/sc) with NFSS spec.:
(fontspec)             <->s*[1.04]"name:Libertinus
(fontspec)             Serif/B:mode=base;script=latn;language=dflt;+smcp;"
(fontspec)             - 'italic' (m/it) with NFSS spec.:
(fontspec)             <->s*[1.04]"name:Libertinus
(fontspec)             Serif/I:mode=base;script=latn;language=dflt;"
(fontspec)             - 'italic small caps'  (m/scit) with NFSS spec.:
(fontspec)             <->s*[1.04]"name:Libertinus
(fontspec)             Serif/I:mode=base;script=latn;language=dflt;+smcp;"
(fontspec)             - 'bold italic' (b/it) with NFSS spec.:
(fontspec)             <->s*[1.04]"name:Libertinus
(fontspec)             Serif/BI:mode=base;script=latn;language=dflt;"
(fontspec)             - 'bold italic small caps'  (b/scit) with NFSS spec.:
(fontspec)             <->s*[1.04]"name:Libertinus
(fontspec)             Serif/BI:mode=base;script=latn;language=dflt;+smcp;"

LaTeX Font Info:    Overwriting math alphabet `\mathrm' in version `normal'
(Font)                  OT1/cmr/m/n --> TU/LibertinusSerif(1)/m/n on input line 1182.
LaTeX Font Info:    Overwriting math alphabet `\mathit' in version `normal'
(Font)                  OT1/cmr/m/it --> TU/LibertinusSerif(1)/m/it on input line 1182.
LaTeX Font Info:    Overwriting math alphabet `\mathbf' in version `normal'
(Font)                  OT1/cmr/bx/n --> TU/LibertinusSerif(1)/b/n on input line 1182.
LaTeX Font Info:    Font shape `TU/LibertinusSerif(0)/m/n' will be
(Font)              scaled to size 15.5999pt on input line 1182.

Package fontspec Info: 
(fontspec)             Libertinus Sans scale = 1.


Package fontspec Info: 
(fontspec)             Could not resolve font "Libertinus Sans/BI" (it
(fontspec)             probably doesn't exist).


Package fontspec Info: 
(fontspec)             Libertinus Sans scale = 1.


Package fontspec Info: 
(fontspec)             Libertinus Sans scale = 1.


Package fontspec Info: 
(fontspec)             Libertinus Sans/B scale = 1.


Package fontspec Info: 
(fontspec)             Libertinus Sans/B scale = 1.


Package fontspec Info: 
(fontspec)             Libertinus Sans/I scale = 1.


Package fontspec Info: 
(fontspec)             Libertinus Sans/I scale = 1.


Package fontspec Info: 
(fontspec)             Font family 'LibertinusSans(0)' created for font
(fontspec)             'Libertinus Sans' with options [Ligatures=TeX,Scale=1].
(fontspec)              
(fontspec)              This font family consists of the following NFSS
(fontspec)             series/shapes:
(fontspec)              
(fontspec)             - 'normal' (m/n) with NFSS spec.:
(fontspec)             <->s*[1]"name:Libertinus
(fontspec)             Sans:mode=node;script=latn;language=dflt;+tlig;"
(fontspec)             - 'small caps'  (m/sc) with NFSS spec.:
(fontspec)             <->s*[1]"name:Libertinus
(fontspec)             Sans:mode=node;script=latn;language=dflt;+tlig;+smcp;"
(fontspec)             - 'bold' (b/n) with NFSS spec.:
(fontspec)             <->s*[1]"name:Libertinus
(fontspec)             Sans/B:mode=node;script=latn;language=dflt;+tlig;"
(fontspec)             - 'bold small caps'  (b/sc) with NFSS spec.:
(fontspec)             <->s*[1]"name:Libertinus
(fontspec)             Sans/B:mode=node;script=latn;language=dflt;+tlig;+smcp;"
(fontspec)             - 'italic' (m/it) with NFSS spec.:
(fontspec)             <->s*[1]"name:Libertinus
(fontspec)             Sans/I:mode=node;script=latn;language=dflt;+tlig;"
(fontspec)             - 'italic small caps'  (m/scit) with NFSS spec.:
(fontspec)             <->s*[1]"name:Libertinus
(fontspec)             Sans/I:mode=node;script=latn;language=dflt;+tlig;+smcp;"


Package fontspec Info: 
(fontspec)             Libertinus Sans scale = 1.


Package fontspec Info: 
(fontspec)             Could not resolve font "Libertinus Sans/BI" (it
(fontspec)             probably doesn't exist).


Package fontspec Info: 
(fontspec)             Libertinus Sans scale = 1.


Package fontspec Info: 
(fontspec)             Libertinus Sans scale = 1.


Package fontspec Info: 
(fontspec)             Libertinus Sans/B scale = 1.


Package fontspec Info: 
(fontspec)             Libertinus Sans/B scale = 1.


Package fontspec Info: 
(fontspec)             Libertinus Sans/I scale = 1.


Package fontspec Info: 
(fontspec)             Libertinus Sans/I scale = 1.


Package fontspec Info: 
(fontspec)             Font family 'LibertinusSans(1)' created for font
(fontspec)             'Libertinus Sans' with options
(fontspec)             [Renderer=Basic,Scale=1].
(fontspec)              
(fontspec)              This font family consists of the following NFSS
(fontspec)             series/shapes:
(fontspec)              
(fontspec)             - 'normal' (m/n) with NFSS spec.:
(fontspec)             <->s*[1]"name:Libertinus
(fontspec)             Sans:mode=base;script=latn;language=dflt;"
(fontspec)             - 'small caps'  (m/sc) with NFSS spec.:
(fontspec)             <->s*[1]"name:Libertinus
(fontspec)             Sans:mode=base;script=latn;language=dflt;+smcp;"
(fontspec)             - 'bold' (b/n) with NFSS spec.:
(fontspec)             <->s*[1]"name:Libertinus
(fontspec)             Sans/B:mode=base;script=latn;language=dflt;"
(fontspec)             - 'bold small caps'  (b/sc) with NFSS spec.:
(fontspec)             <->s*[1]"name:Libertinus
(fontspec)             Sans/B:mode=base;script=latn;language=dflt;+smcp;"
(fontspec)             - 'italic' (m/it) with NFSS spec.:
(fontspec)             <->s*[1]"name:Libertinus
(fontspec)             Sans/I:mode=base;script=latn;language=dflt;"
(fontspec)             - 'italic small caps'  (m/scit) with NFSS spec.:
(fontspec)             <->s*[1]"name:Libertinus
(fontspec)             Sans/I:mode=base;script=latn;language=dflt;+smcp;"

LaTeX Font Info:    Overwriting math alphabet `\mathsf' in version `normal'
(Font)                  OT1/cmss/m/n --> TU/LibertinusSans(1)/m/n on input line 1182.
LaTeX Font Info:    Overwriting math alphabet `\mathsf' in version `bold'
(Font)                  OT1/cmss/bx/n --> TU/LibertinusSans(1)/b/n on input line 1182.

Package fontspec Info: 
(fontspec)             Liberation Mono scale = .89.


Package fontspec Info: 
(fontspec)             Liberation Mono scale = .89.


Package fontspec Info: 
(fontspec)             Liberation Mono/B scale = .89.


Package fontspec Info: 
(fontspec)             Liberation Mono/I scale = .89.


Package fontspec Info: 
(fontspec)             Liberation Mono/BI scale = .89.


Package fontspec Info: 
(fontspec)             Font family 'LiberationMono(0)' created for font
(fontspec)             'Liberation Mono' with options
(fontspec)             [WordSpace={1,0,0},HyphenChar=None,PunctuationSpace=WordSpace,Scale=.89].
(fontspec)              
(fontspec)              This font family consists of the following NFSS
(fontspec)             series/shapes:
(fontspec)              
(fontspec)             - 'normal' (m/n) with NFSS spec.:
(fontspec)             <->s*[.89]"name:Liberation
(fontspec)             Mono:mode=node;language=dflt;"
(fontspec)             - 'bold' (b/n) with NFSS spec.:
(fontspec)             <->s*[.89]"name:Liberation
(fontspec)             Mono/B:mode=node;language=dflt;"
(fontspec)             - 'italic' (m/it) with NFSS spec.:
(fontspec)             <->s*[.89]"name:Liberation
(fontspec)             Mono/I:mode=node;language=dflt;"
(fontspec)             - 'bold italic' (b/it) with NFSS spec.:
(fontspec)             <->s*[.89]"name:Liberation
(fontspec)             Mono/BI:mode=node;language=dflt;"


Package fontspec Info: 
(fontspec)             Liberation Mono scale = .89.


Package fontspec Info: 
(fontspec)             Liberation Mono scale = .89.


Package fontspec Info: 
(fontspec)             Liberation Mono/B scale = .89.


Package fontspec Info: 
(fontspec)             Liberation Mono/I scale = .89.


Package fontspec Info: 
(fontspec)             Liberation Mono/BI scale = .89.


Package fontspec Info: 
(fontspec)             Font family 'LiberationMono(1)' created for font
(fontspec)             'Liberation Mono' with options
(fontspec)             [Renderer=Basic,Scale=.89].
(fontspec)              
(fontspec)              This font family consists of the following NFSS
(fontspec)             series/shapes:
(fontspec)              
(fontspec)             - 'normal' (m/n) with NFSS spec.:
(fontspec)             <->s*[.89]"name:Liberation
(fontspec)             Mono:mode=base;language=dflt;"
(fontspec)             - 'bold' (b/n) with NFSS spec.:
(fontspec)             <->s*[.89]"name:Liberation
(fontspec)             Mono/B:mode=base;language=dflt;"
(fontspec)             - 'italic' (m/it) with NFSS spec.:
(fontspec)             <->s*[.89]"name:Liberation
(fontspec)             Mono/I:mode=base;language=dflt;"
(fontspec)             - 'bold italic' (b/it) with NFSS spec.:
(fontspec)             <->s*[.89]"name:Liberation
(fontspec)             Mono/BI:mode=base;language=dflt;"

LaTeX Font Info:    Overwriting math alphabet `\mathtt' in version `normal'
(Font)                  OT1/cmtt/m/n --> TU/LiberationMono(1)/m/n on input line 1182.
LaTeX Font Info:    Overwriting math alphabet `\mathtt' in version `bold'
(Font)                  OT1/cmtt/m/n --> TU/LiberationMono(1)/b/n on input line 1182.
LaTeX Font Info:    Calculating math sizes for size <15> on input line 1182.

Package fontspec Info: 
(fontspec)             Could not resolve font "Libertinus Math/B" (it probably
(fontspec)             doesn't exist).


Package fontspec Info: 
(fontspec)             Font family 'LibertinusMath(0)' created for font
(fontspec)             'Libertinus Math' with options
(fontspec)             [Renderer=Basic,BoldItalicFont={},ItalicFont={},SmallCapsFont={},Script=Math,RawFeature={mathfontdimen=xetex}].
(fontspec)              
(fontspec)              This font family consists of the following NFSS
(fontspec)             series/shapes:
(fontspec)              
(fontspec)             - 'normal' (m/n) with NFSS spec.: <->"name:Libertinus
(fontspec)             Math:mode=base;script=math;language=dflt;mathfontdimen=xetex;"


Package fontspec Info: 
(fontspec)             Could not resolve font "Libertinus Math/B" (it probably
(fontspec)             doesn't exist).


Package fontspec Info: 
(fontspec)             Font family 'LibertinusMath(1)' created for font
(fontspec)             'Libertinus Math' with options
(fontspec)             [Renderer=Basic,BoldItalicFont={},ItalicFont={},SmallCapsFont={},Script=Math,SizeFeatures={{Size=13.5-},{Size=10.5-13.5,Font=Libertinus
(fontspec)             Math,Style=MathScript},{Size=-10.5,Font=Libertinus
(fontspec)             Math,Style=MathScriptScript}},RawFeature={mathfontdimen=xetex}].
(fontspec)              
(fontspec)              This font family consists of the following NFSS
(fontspec)             series/shapes:
(fontspec)              
(fontspec)             - 'normal' (m/n) with NFSS spec.:
(fontspec)             <13.5->"name:Libertinus
(fontspec)             Math:mode=base;script=math;language=dflt;mathfontdimen=xetex;"<10.5-13.5>"name:Libertinus
(fontspec)             Math:mode=base;script=math;language=dflt;mathfontdimen=xetex;+ssty=0;"<-10.5>"name:Libertinus
(fontspec)             Math:mode=base;script=math;language=dflt;mathfontdimen=xetex;+ssty=1;"

LaTeX Font Info:    Encoding `OT1' has changed to `TU' for symbol font
(Font)              `operators' in the math version `normal' on input line 1182.
LaTeX Font Info:    Overwriting symbol font `operators' in version `normal'
(Font)                  OT1/cmr/m/n --> TU/LibertinusMath(1)/m/n on input line 1182.
LaTeX Font Info:    Encoding `OT1' has changed to `TU' for symbol font
(Font)              `operators' in the math version `bold' on input line 1182.
LaTeX Font Info:    Overwriting symbol font `operators' in version `bold'
(Font)                  OT1/cmr/bx/n --> TU/LibertinusMath(1)/b/n on input line 1182.

Package fontspec Info: 
(fontspec)             Could not resolve font "Libertinus Math/B" (it probably
(fontspec)             doesn't exist).


Package fontspec Info: 
(fontspec)             Font family 'LibertinusMath(2)' created for font
(fontspec)             'Libertinus Math' with options
(fontspec)             [Renderer=Basic,BoldItalicFont={},ItalicFont={},SmallCapsFont={},Script=Math,SizeFeatures={{Size=13.5-},{Size=10.5-13.5,Font=Libertinus
(fontspec)             Math,Style=MathScript},{Size=-10.5,Font=Libertinus
(fontspec)             Math,Style=MathScriptScript}},RawFeature={mathfontdimen=xetex},RawFeature={mathfontdimen=tex2}].
(fontspec)              
(fontspec)              This font family consists of the following NFSS
(fontspec)             series/shapes:
(fontspec)              
(fontspec)             - 'normal' (m/n) with NFSS spec.:
(fontspec)             <13.5->"name:Libertinus
(fontspec)             Math:mode=base;script=math;language=dflt;mathfontdimen=xetex;mathfontdimen=tex2;"<10.5-13.5>"name:Libertinus
(fontspec)             Math:mode=base;script=math;language=dflt;mathfontdimen=xetex;mathfontdimen=tex2;+ssty=0;"<-10.5>"name:Libertinus
(fontspec)             Math:mode=base;script=math;language=dflt;mathfontdimen=xetex;mathfontdimen=tex2;+ssty=1;"

LaTeX Font Info:    Encoding `OMS' has changed to `TU' for symbol font
(Font)              `symbols' in the math version `normal' on input line 1182.
LaTeX Font Info:    Overwriting symbol font `symbols' in version `normal'
(Font)                  OMS/cmsy/m/n --> TU/LibertinusMath(2)/m/n on input line 1182.
LaTeX Font Info:    Encoding `OMS' has changed to `TU' for symbol font
(Font)              `symbols' in the math version `bold' on input line 1182.
LaTeX Font Info:    Overwriting symbol font `symbols' in version `bold'
(Font)                  OMS/cmsy/b/n --> TU/LibertinusMath(2)/b/n on input line 1182.

Package fontspec Info: 
(fontspec)             Could not resolve font "Libertinus Math/B" (it probably
(fontspec)             doesn't exist).


Package fontspec Info: 
(fontspec)             Font family 'LibertinusMath(3)' created for font
(fontspec)             'Libertinus Math' with options
(fontspec)             [Renderer=Basic,BoldItalicFont={},ItalicFont={},SmallCapsFont={},Script=Math,SizeFeatures={{Size=13.5-},{Size=10.5-13.5,Font=Libertinus
(fontspec)             Math,Style=MathScript},{Size=-10.5,Font=Libertinus
(fontspec)             Math,Style=MathScriptScript}},RawFeature={mathfontdimen=xetex},RawFeature={mathfontdimen=tex3}].
(fontspec)              
(fontspec)              This font family consists of the following NFSS
(fontspec)             series/shapes:
(fontspec)              
(fontspec)             - 'normal' (m/n) with NFSS spec.:
(fontspec)             <13.5->"name:Libertinus
(fontspec)             Math:mode=base;script=math;language=dflt;mathfontdimen=xetex;mathfontdimen=tex3;"<10.5-13.5>"name:Libertinus
(fontspec)             Math:mode=base;script=math;language=dflt;mathfontdimen=xetex;mathfontdimen=tex3;+ssty=0;"<-10.5>"name:Libertinus
(fontspec)             Math:mode=base;script=math;language=dflt;mathfontdimen=xetex;mathfontdimen=tex3;+ssty=1;"

LaTeX Font Info:    Encoding `OMX' has changed to `TU' for symbol font
(Font)              `largesymbols' in the math version `normal' on input line 1182.
LaTeX Font Info:    Overwriting symbol font `largesymbols' in version `normal'
(Font)                  OMX/cmex/m/n --> TU/LibertinusMath(3)/m/n on input line 1182.
LaTeX Font Info:    Encoding `OMX' has changed to `TU' for symbol font
(Font)              `largesymbols' in the math version `bold' on input line 1182.
LaTeX Font Info:    Overwriting symbol font `largesymbols' in version `bold'
(Font)                  OMX/cmex/m/n --> TU/LibertinusMath(3)/b/n on input line 1182.
LaTeX Font Info:    Trying to load font information for U+msa on input line 1182.
 (c:/texlive/2026/texmf-dist/tex/latex/amsfonts/umsa.fd
File: umsa.fd 2013/01/14 v3.01 AMS symbols A
)
LaTeX Font Info:    Trying to load font information for U+msb on input line 1182.
 (c:/texlive/2026/texmf-dist/tex/latex/amsfonts/umsb.fd
File: umsb.fd 2013/01/14 v3.01 AMS symbols B
) (c:/texlive/2026/texmf-dist/tex/latex/bookmark/bookmark.sty
Package: bookmark 2026-05-21 v1.32 PDF bookmarks (HO)
 (c:/texlive/2026/texmf-dist/tex/latex/bookmark/bkm-luatex.def
File: bkm-luatex.def 2026-05-21 v1.32 bookmark driver for luaTeX (HO)
\BKM@id=\count402
))
Package hyperref Info: Option `unicode' set `true' on input line 1214.
Package hyperref Info: Option `bookmarksopen' set `true' on input line 1214.
Package hyperref Info: Option `breaklinks' set `true' on input line 1214.
Package hyperref Info: Option `colorlinks' set `true' on input line 1214.
 (c:/texlive/2026/texmf-dist/tex/latex/enumitem/enumitem.sty
Package: enumitem 2025/02/06 v3.11 Customized lists
\labelindent=\skip123
\enit@outerparindent=\dimen327
\enit@toks=\toks52
\enit@inbox=\box131
\enit@count@id=\count403
\enitdp@description=\count404
) (c:/texlive/2026/texmf-dist/tex/latex/tcolorbox/tcolorbox.sty
Package: tcolorbox 2026/05/28 version 6.10.0 text color boxes
 (c:/texlive/2026/texmf-dist/tex/latex/tools/verbatim.sty
Package: verbatim 2024-01-22 v1.5x LaTeX2e package for verbatim enhancements
\every@verbatim=\toks53
\verbatim@line=\toks54
\verbatim@in@stream=\read3
) (c:/texlive/2026/texmf-dist/tex/latex/environ/environ.sty
Package: environ 2014/05/04 v0.3 A new way to define environments
 (c:/texlive/2026/texmf-dist/tex/latex/trimspaces/trimspaces.sty
Package: trimspaces 2009/09/17 v1.1 Trim spaces around a token list
))
\tcb@titlebox=\box132
\tcb@upperbox=\box133
\tcb@lowerbox=\box134
\tcb@phantombox=\box135
\c@tcbbreakpart=\count405
\c@tcblayer=\count406
\c@tcolorbox@number=\count407
\l__tcobox_tmpa_box=\box136
\l__tcobox_tmpa_dim=\dimen328
\tcb@temp=\box137
\tcb@temp=\box138
\tcb@temp=\box139
\tcb@temp=\box140
 (c:/texlive/2026/texmf-dist/tex/latex/tcolorbox/tcbraster.code.tex
Library (tcolorbox): 'tcbraster.code.tex' version '6.10.0'
\c@tcbrastercolumn=\count408
\c@tcbrasterrow=\count409
\c@tcbrasternum=\count410
\c@tcbraster=\count411
) (c:/texlive/2026/texmf-dist/tex/latex/tcolorbox/tcbskins.code.tex
Library (tcolorbox): 'tcbskins.code.tex' version '6.10.0'
(c:/texlive/2026/texmf-dist/tex/latex/tikzfill/tikzfill.image.sty
Package: tikzfill.image 2026/04/23 v1.2.0 Image filling library for TikZ
 (c:/texlive/2026/texmf-dist/tex/latex/tikzfill/tikzlibraryfill.image.code.tex
File: tikzlibraryfill.image.code.tex 2026/04/23 v1.2.0 Image filling library
\l__tikzfill_tmpa_dim=\dimen329
\l__tikzfill_tmpb_dim=\dimen330
\l__tikzfill_img_box=\box141
)) (c:/texlive/2026/texmf-dist/tex/latex/tcolorbox/tcbskinsjigsaw.code.tex
Library (tcolorbox): 'tcbskinsjigsaw.code.tex' version '6.10.0'
)) (c:/texlive/2026/texmf-dist/tex/latex/tcolorbox/tcbbreakable.code.tex
Library (tcolorbox): 'tcbbreakable.code.tex' version '6.10.0'
(c:/texlive/2026/texmf-dist/tex/latex/pdfcol/pdfcol.sty
Package: pdfcol 2026-06-20 v1.8 Handle new color stacks for pdfTeX (HO)
)
Package pdfcol Info: New color stack `tcb@breakable' = 1 on input line 23.
\tcb@testbox=\box142
\tcb@totalupperbox=\box143
\tcb@totallowerbox=\box144
) (c:/texlive/2026/texmf-dist/tex/latex/tcolorbox/tcbhooks.code.tex
Library (tcolorbox): 'tcbhooks.code.tex' version '6.10.0'
) (c:/texlive/2026/texmf-dist/tex/latex/tcolorbox/tcbtheorems.code.tex
Library (tcolorbox): 'tcbtheorems.code.tex' version '6.10.0'
) (c:/texlive/2026/texmf-dist/tex/latex/tcolorbox/tcbfitting.code.tex
Library (tcolorbox): 'tcbfitting.code.tex' version '6.10.0'
\tcbfitdim=\dimen331
\tcb@lowerfitdim=\dimen332
\tcb@upperfitdim=\dimen333
\tcb@cur@hbadness=\count412
) (c:/texlive/2026/texmf-dist/tex/latex/tcolorbox/tcblistingsutf8.code.tex
Library (tcolorbox): 'tcblistingsutf8.code.tex' version '6.10.0'
(c:/texlive/2026/texmf-dist/tex/latex/tcolorbox/tcblistings.code.tex
Library (tcolorbox): 'tcblistings.code.tex' version '6.10.0'
(c:/texlive/2026/texmf-dist/tex/latex/tcolorbox/tcblistingscore.code.tex
Library (tcolorbox): 'tcblistingscore.code.tex' version '6.10.0'
(c:/texlive/2026/texmf-dist/tex/latex/tcolorbox/tcbprocessing.code.tex
Library (tcolorbox): 'tcbprocessing.code.tex' version '6.10.0'
)
\c@tcblisting=\count413
))
Package tcolorbox Info: Library `listingsutf8' is compatible with pdftex only. Library `listings` is loaded instead. on input line 29.
) (c:/texlive/2026/texmf-dist/tex/latex/tcolorbox/tcbexternal.code.tex
Library (tcolorbox): 'tcbexternal.code.tex' version '6.10.0'
) (c:/texlive/2026/texmf-dist/tex/latex/tcolorbox/tcbmagazine.code.tex
Library (tcolorbox): 'tcbmagazine.code.tex' version '6.10.0'
) (c:/texlive/2026/texmf-dist/tex/latex/tcolorbox/tcbvignette.code.tex
Library (tcolorbox): 'tcbvignette.code.tex' version '6.10.0'
(c:/texlive/2026/texmf-dist/tex/generic/pgf/frontendlayer/tikz/libraries/tikzlibraryfadings.code.tex
File: tikzlibraryfadings.code.tex 2026-08-01 v3.1.12 (3.1.12)
 (c:/texlive/2026/texmf-dist/tex/generic/pgf/libraries/pgflibraryfadings.code.tex
File: pgflibraryfadings.code.tex 2026-08-01 v3.1.12 (3.1.12)
))) (c:/texlive/2026/texmf-dist/tex/latex/tcolorbox/tcbposter.code.tex
Library (tcolorbox): 'tcbposter.code.tex' version '6.10.0'
))
\c@kaocounter=\count414
Package tocbasic Info: omitting babel extension for `loi'
(tocbasic)             because of missing \bbl@set@language on input line 1368.
 (c:/texlive/2026/texmf-dist/tex/latex/pdfpages/pdfpages.sty
Package: pdfpages 2026/03/30 v0.6h Insert pages of external PDF documents (AM)
 (c:/texlive/2026/texmf-dist/tex/latex/eso-pic/eso-pic.sty
Package: eso-pic 2026/05/31 v3.0e eso-pic (RN)
\ESO@tempdima=\dimen334
\ESO@tempdimb=\dimen335
)
\AM@pagewidth=\dimen336
\AM@pageheight=\dimen337
\AM@fboxrule=\dimen338
 (c:/texlive/2026/texmf-dist/tex/latex/pdfpages/ppluatex.def
File: ppluatex.def 2026/03/30 v0.6h Pdfpages driver for LuaTeX (AM)
)
\pdfpages@includegraphics@status=\count415
\AM@pagebox=\box145
\AM@global@opts=\toks55
\AM@pagecnt=\count416
\AM@toc@title=\toks56
\AM@lof@heading=\toks57
\c@AM@survey=\count417
\AM@templatesizebox=\box146
) (c:/texlive/2026/texmf-dist/tex/latex/subfiles/subfiles.sty
Package: subfiles 2020/11/14 v2.2 Multi-file projects (package)
 (c:/texlive/2026/texmf-dist/tex/latex/import/import.sty
Package: import 2020/04/01  v 6.2
)) (c:/texlive/2026/texmf-dist/tex/latex/todonotes/todonotes.sty
Package: todonotes 2024/01/05 v1.1.7 Todonotes source and documentation.
Package: todonotes 2024/01/05
 (c:/texlive/2026/texmf-dist/tex/generic/pgf/frontendlayer/tikz/libraries/tikzlibrarypositioning.code.tex
File: tikzlibrarypositioning.code.tex 2026-08-01 v3.1.12 (3.1.12)
)
\c@@todonotes@numberoftodonotes=\count418
) (c:/texlive/2026/texmf-dist/tex/latex/algorithm2e/algorithm2e.sty
Package: algorithm2e 2017/07/18 v5.2 algorithms environments
\c@AlgoLine=\count419
\algocf@hangindent=\skip124
 (c:/texlive/2026/texmf-dist/tex/latex/relsize/relsize.sty
Package: relsize 2013/03/29 ver 4.1
)
\skiptotal=\skip125
\skiplinenumber=\skip126
\skiprule=\skip127
\skiphlne=\skip128
\skiptext=\skip129
\skiplength=\skip130
\algomargin=\skip131
\skipalgocfslide=\skip132
\algowidth=\dimen339
\inoutsize=\dimen340
\inoutindent=\dimen341
\interspacetitleruled=\dimen342
\interspacealgoruled=\dimen343
\interspacetitleboxruled=\dimen344
\algocf@ruledwidth=\skip133
\algocf@inoutbox=\box147
\algocf@inputbox=\box148
\AlCapSkip=\skip134
\AlCapHSkip=\skip135
\algoskipindent=\skip136
\algocf@nlbox=\box149
\algocf@hangingbox=\box150
\algocf@untilbox=\box151
\algocf@skipuntil=\skip137
\algocf@capbox=\box152
\algocf@lcaptionbox=\skip138
\algoheightruledefault=\skip139
\algoheightrule=\skip140
\algotitleheightruledefault=\skip141
\algotitleheightrule=\skip142
\c@algocfline=\count420
\c@algocfproc=\count421
\c@algocf=\count422
\algocf@algoframe=\box153
\algocf@algobox=\box154
) (c:/texlive/2026/texmf-dist/tex/latex/ccicons/ccicons.sty
Package: ccicons 2017/10/30 v1.6 LaTeX support for Creative Commons icons
) (c:/texlive/2026/texmf-dist/tex/latex/glossaries/base/glossaries.sty
Package: glossaries 2026/04/21 v5.1 (NLCT)
 (c:/texlive/2026/texmf-dist/tex/latex/mfirstuc/mfirstuc.sty
Package: mfirstuc 2025/04/03 v2.09 (NLCT)
\@glsmfirst=\toks58
\@glsmrest=\toks59
) (c:/texlive/2026/texmf-dist/tex/latex/xfor/xfor.sty
Package: xfor 2009/02/05 v1.05 (NLCT)
) (c:/texlive/2026/texmf-dist/tex/latex/datatool/datatool-base.sty
Package: datatool-base 2026/07/31 v3.4.4 (NLCT)
 (c:/texlive/2026/texmf-dist/tex/latex/tracklang/tracklang.sty
Package: tracklang 2026/05/24 v1.6.8 (NLCT) Track Languages
 (c:/texlive/2026/texmf-dist/tex/generic/tracklang/tracklang.tex))
\l__datatool_tmpa_int=\count423
\l__datatool_tmpb_int=\count424
\l__datatool_tmpc_int=\count425
\l__datatool_tmpd_int=\count426
\l__datatool_count_int=\count427
\l__datatool_tmp_datatype_int=\count428
\l__datatool_tmpa_dim=\dimen345
\l__datatool_tmpb_dim=\dimen346
 (c:/texlive/2026/texmf-dist/tex/latex/datatool/datatool-lua.def
File: datatool-lua.def 2026/07/31 v3.4.4 (NLCT)
)
\@dtl@toks=\toks60
\@dtl@tmpcount=\count429
\dtl@tmplength=\skip143
\l__datatool_measure_box=\box155
\dtl@sortresult=\count430
 (c:/texlive/2026/texmf-dist/tex/latex/datatool/datatool-utf8.ldf
File: datatool-utf8.ldf 2026/07/31 v3.4.4 (NLCT)
)
\@dtl@datatype=\count431
\c_datatool_unknown_int=\count432
\l__datatool_year_int=\count433
\l__datatool_month_int=\count434
\l__datatool_day_int=\count435
\l__datatool_hour_int=\count436
\l__datatool_minute_int=\count437
\l__datatool_second_int=\count438
\l__datatool_tzhour_int=\count439
\l__datatool_tzminute_int=\count440
\l__datatool_julian_int=\count441
\l__datatool_local_julian_int=\count442
\l__datatool_prefix_int=\count443
\l__datatool_suffix_int=\count444
\@dtl@foreach@level=\count445
\dtl@codeA=\count446
\dtl@codeB=\count447
)
\gls@level=\count448
\@gls@tmpb=\toks61
\gls@tmplen=\skip144
\l__glossaries_tmpa_dim=\dimen347
\l__glossaries_tmpb_dim=\dimen348
\glskeylisttok=\toks62
\glslabeltok=\toks63
\glsshorttok=\toks64
\glslongtok=\toks65
 (c:/texlive/2026/texmf-dist/tex/latex/glossaries/styles/glossary-hypernav.sty
Package: glossary-hypernav 2026/04/21 v5.1 (NLCT)
) (c:/texlive/2026/texmf-dist/tex/latex/glossaries/styles/glossary-list.sty
Package: glossary-list 2026/04/21 v5.1 (NLCT)
\glslistdottedwidth=\skip145
) (c:/texlive/2026/texmf-dist/tex/latex/glossaries/styles/glossary-long.sty
Package: glossary-long 2026/04/21 v5.1 (NLCT)
 (c:/texlive/2026/texmf-dist/tex/latex/tools/longtable.sty
Package: longtable 2026-01-28 v4.27 Multi-page Table package (DPC)
\LTleft=\skip146
\LTright=\skip147
\LTpre=\skip148
\LTpost=\skip149
\LTchunksize=\count449
\LTcapwidth=\dimen349
\LT@head=\box156
\LT@firsthead=\box157
\LT@foot=\box158
\LT@lastfoot=\box159
\LT@gbox=\box160
\LT@cols=\count450
\LT@rows=\count451
\c@LT@tables=\count452
\c@LT@chunks=\count453
\LT@p@ftn=\toks66
)
Class scrbook Info: longtable captions redefined on input line 47.
\glsdescwidth=\skip150
\glspagelistwidth=\skip151
) (c:/texlive/2026/texmf-dist/tex/latex/glossaries/styles/glossary-super.sty
Package: glossary-super 2026/04/21 v5.1 (NLCT)
 (c:/texlive/2026/texmf-dist/tex/latex/supertabular/supertabular.sty
Package: supertabular 2025/06/26 v4.2d the supertabular environment
\c@tracingst=\count454
\ST@wd=\dimen350
\ST@rightskip=\skip152
\ST@leftskip=\skip153
\ST@parfillskip=\skip154
\ST@pageleft=\dimen351
\ST@headht=\dimen352
\ST@tailht=\dimen353
\ST@pagesofar=\dimen354
\ST@pboxht=\dimen355
\ST@rowht=\dimen356
\ST@prevht=\dimen357
\ST@toadd=\dimen358
\ST@dimen=\dimen359
\ST@pbox=\box161
)) (c:/texlive/2026/texmf-dist/tex/latex/glossaries/styles/glossary-tree.sty
Package: glossary-tree 2026/04/21 v5.1 (NLCT)
\l__glossaries_tree_max_known_level_int=\count455
\l__glossaries_tree_offset_dim=\dimen360
\l__glossaries_tree_namewidth_dim=\dimen361
\l__glossaries_tree_symbolwidth_dim=\dimen362
\l__glossaries_tree_prenamesym_width_dim=\dimen363
\l__glossaries_tree_presubnamesym_width_dim=\dimen364
\l__glossaries_tree_namewidth_padding_dim=\dimen365
\l__glossaries_tree_symbolwidth_padding_dim=\dimen366
\l__glossaries_tree_namesymbolwidth_dim=\dimen367
\l__glossaries_tree_namesymbolwidth_padding_dim=\dimen368
\l__glossaries_tree_level_int=\count456
\glstreeindent=\skip155
)) (c:/texlive/2026/texmf-dist/tex/latex/nomencl/nomencl.sty
Package: nomencl 2021/11/10 v5.6 Nomenclature package
Package tocbasic Info: omitting babel extension for `nlo'
(tocbasic)             because of missing \bbl@set@language on input line 187.
Package tocbasic Info: omitting babel extension for `nls'
(tocbasic)             because of missing \bbl@set@language on input line 188.
\nomlabelwidth=\dimen369
\nom@tempdim=\dimen370
\nomitemsep=\skip156
))) (c:/texlive/2026/texmf-dist/tex/generic/babel/babel.sty
Package: babel 2026/08/08 v26.10 The multilingual framework for LuaLaTeX, pdfLaTeX and XeLaTeX
 (c:/texlive/2026/texmf-dist/tex/generic/babel/luababel.def
\bbl@readstream=\read4
\l@dumylang=\language3
Package babel Info: Non-standard hyphenation setup on input line 118.
\l@nohyphenation=\language4
\l@german-x-2024-02-28=\language5
\l@ngerman-x-2024-02-28=\language6
\l@afrikaans=\language7
\l@albanian=\language8
\l@ancientgreek=\language9
\l@ibycus=\language10
\l@arabic=\language11
\l@armenian=\language12
\l@basque=\language13
\l@belarusian=\language14
\l@bulgarian=\language15
\l@catalan=\language16
\l@pinyin=\language17
\l@churchslavonic=\language18
\l@coptic=\language19
\l@croatian=\language20
\l@czech=\language21
\l@danish=\language22
\l@dutch=\language23
\l@ukenglish=\language24
\l@usenglishmax=\language25
\l@esperanto=\language26
\l@estonian=\language27
\l@ethiopic=\language28
\l@farsi=\language29
\l@finnish=\language30
\l@schoolfinnish=\language31
\l@french=\language32
\l@friulan=\language33
\l@galician=\language34
\l@georgian=\language35
\l@german=\language36
\l@ngerman=\language37
\l@swissgerman=\language38
\l@greek=\language39
\l@monogreek=\language40
\l@hebrew=\language41
\l@hungarian=\language42
\l@icelandic=\language43
\l@assamese=\language44
\l@bengali=\language45
\l@gujarati=\language46
\l@hindi=\language47
\l@kannada=\language48
\l@malayalam=\language49
\l@marathi=\language50
\l@oriya=\language51
\l@pali=\language52
\l@panjabi=\language53
\l@tamil=\language54
\l@telugu=\language55
\l@indonesian=\language56
\l@interlingua=\language57
\l@irish=\language58
\l@italian=\language59
\l@kazakh=\language60
\l@kurmanji=\language61
\l@classiclatin=\language62
\l@latin=\language63
\l@liturgicallatin=\language64
\l@latvian=\language65
\l@lithuanian=\language66
\l@macedonian=\language67
\l@mongolian=\language68
\l@mongolianlmc=\language69
\l@bokmal=\language70
\l@nynorsk=\language71
\l@occitan=\language72
\l@piedmontese=\language73
\l@polish=\language74
\l@portuguese=\language75
\l@romanian=\language76
\l@romansh=\language77
\l@russian=\language78
\l@sanskrit=\language79
\l@serbian=\language80
\l@serbianc=\language81
\l@slovak=\language82
\l@slovenian=\language83
\l@spanish=\language84
\l@swedish=\language85
\l@thai=\language86
\l@turkish=\language87
\l@turkmen=\language88
\l@ukrainian=\language89
\l@uppersorbian=\language90
\l@vietnamese=\language91
\l@welsh=\language92
\babelcatcodetablenum=\catcodetable15
\bbl@pattcodes=\catcodetable16
)
\babel@savecnt=\count457
LaTeX Encoding Info:    Redeclaring text command \ij (encoding OT1) on input line 2105.
LaTeX Encoding Info:    Redeclaring text command \IJ (encoding OT1) on input line 2107.
LaTeX Encoding Info:    Redeclaring text command \ij (encoding T1) on input line 2109.
LaTeX Encoding Info:    Redeclaring text command \IJ (encoding T1) on input line 2110.
LaTeX Encoding Info:    Ignoring declaration for text command \ij (encoding ?) on input line 2111.
LaTeX Encoding Info:    Ignoring declaration for text command \IJ (encoding ?) on input line 2113.
LaTeX Encoding Info:    Ignoring declaration for text command \SS (encoding ?) on input line 2138.
\U@D=\dimen371
\l@unhyphenated=\language93
 (c:/texlive/2026/texmf-dist/tex/generic/babel/luababel.def
\bbl@attr@locale=\attribute4
) (c:/texlive/2026/texmf-dist/tex/generic/babel/locale/en/babel-english.tex)
Package babel Info: Importing font and identification data for 'english'
(babel)             from babel-en.ini. Reported on input line 4426.
 (c:/texlive/2026/texmf-dist/tex/generic/babel-english/english.ldf
Language: english 2017/06/06 v3.3r English support from the babel system
Package babel Info: Hyphen rules for 'canadian' set to \l@english
(babel)             (\language0). Reported on input line 102.
Package babel Info: Hyphen rules for 'australian' set to \l@ukenglish
(babel)             (\language24). Reported on input line 105.
Package babel Info: Hyphen rules for 'newzealand' set to \l@ukenglish
(babel)             (\language24). Reported on input line 108.
)) (c:/texlive/2026/texmf-dist/tex/latex/csquotes/csquotes.sty
Package: csquotes 2026-05-19 v5.2p context-sensitive quotations (JAW)
\csq@reset=\count458
\csq@gtype=\count459
\csq@glevel=\count460
\csq@qlevel=\count461
\csq@maxlvl=\count462
\csq@tshold=\count463
\csq@ltx@everypar=\toks67
 (c:/texlive/2026/texmf-dist/tex/latex/csquotes/csquotes.def
File: csquotes.def 2026-05-19 v5.2p csquotes generic definitions (JAW)
)
Package csquotes Info: Trying to load configuration file 'csquotes.cfg'...
Package csquotes Info: ... configuration file loaded successfully.
 (c:/texlive/2026/texmf-dist/tex/latex/csquotes/csquotes.cfg
File: csquotes.cfg 
)
Package csquotes Info: Redefining alias 'english' -> 'english/british'.
) (c:/texlive/2026/texmf-dist/tex/latex/blindtext/blindtext.sty
Package: blindtext 2012/01/06 V2.0 blindtext-Package
\c@blindtext=\count464
\c@Blindtext=\count465
\c@blind@countparstart=\count466
\blind@countxx=\count467
\blindtext@numBlindtext=\count468
\blind@countyy=\count469
\c@blindlist=\count470
\c@blindlistlevel=\count471
\c@blindlist@level=\count472
\blind@listitem=\count473
\c@blind@listcount=\count474
\c@blind@levelcount=\count475
\blind@mathformula=\count476
\blind@Mathformula=\count477
\c@blind@randomcount=\count478
\c@blind@randommax=\count479
\c@blind@pangramcount=\count480
\c@blind@pangrammax=\count481
) (./kaobiblio.sty
Package: kaobiblio 
 (c:/texlive/2026/texmf-dist/tex/latex/bigfoot/perpage.sty
Package: perpage 2014/10/25 2.0 Reset/sort counters per page
\c@abspage=\count482
) (c:/texlive/2026/texmf-dist/tex/generic/oberdiek/iflang.sty
Package: iflang 2018/01/21 v1.7 Checks for the current language (HO)
Package iflang Info: Naming convention for patterns: babel.
) (c:/texlive/2026/texmf-dist/tex/latex/biblatex/biblatex.sty
Package: biblatex 2026/08/13 v3.22 programmable bibliographies (PK/MW)
 (c:/texlive/2026/texmf-dist/tex/latex/logreq/logreq.sty
Package: logreq 2010/08/04 v1.0 xml request logger
\lrq@indent=\count483
 (c:/texlive/2026/texmf-dist/tex/latex/logreq/logreq.def
File: logreq.def 2010/08/04 v1.0 logreq spec v1.0
))
\c@tabx@nest=\count484
\c@listtotal=\count485
\c@listcount=\count486
\c@liststart=\count487
\c@liststop=\count488
\c@citecount=\count489
\c@citetotal=\count490
\c@multicitecount=\count491
\c@multicitetotal=\count492
\c@instcount=\count493
\c@maxnames=\count494
\c@minnames=\count495
\c@maxitems=\count496
\c@minitems=\count497
\c@citecounter=\count498
\c@maxcitecounter=\count499
\c@savedcitecounter=\count500
\c@uniquelist=\count501
\c@uniquename=\count502
\c@refsection=\count503
\c@refsegment=\count504
\c@maxextratitle=\count505
\c@maxextratitleyear=\count506
\c@maxextraname=\count507
\c@maxextradate=\count508
\c@maxextraalpha=\count509
\c@abbrvpenalty=\count510
\c@highnamepenalty=\count511
\c@lownamepenalty=\count512
\c@maxparens=\count513
\c@parenlevel=\count514
\blx@tempcnta=\count515
\blx@tempcntb=\count516
\blx@tempcntc=\count517
\c@blx@maxsection=\count518
\blx@maxsegment@0=\count519
\blx@notetype=\count520
\blx@parenlevel@text=\count521
\blx@parenlevel@foot=\count522
\blx@sectionciteorder@0=\count523
\blx@sectionciteorderinternal@0=\count524
\blx@entrysetcounter=\count525
\blx@biblioinstance=\count526
\labelnumberwidth=\skip157
\labelalphawidth=\skip158
\biblabelsep=\skip159
\bibitemsep=\skip160
\bibnamesep=\skip161
\bibinitsep=\skip162
\bibparsep=\skip163
\bibhang=\skip164
\blx@bcfin=\read5
\blx@bcfout=\write4
\blx@langwohyphens=\language94
\c@mincomprange=\count527
\c@maxcomprange=\count528
\c@mincompwidth=\count529
Package biblatex Info: Trying to load biblatex default data model...
Package biblatex Info: ... file 'blx-dm.def' found.
 (c:/texlive/2026/texmf-dist/tex/latex/biblatex/blx-dm.def
File: blx-dm.def 2026/08/13 v3.22 biblatex datamodel (PK/MW)
)
Package biblatex Info: Trying to load biblatex citestyle data model...
Package biblatex Info: ... file 'numeric-comp.dbx' not found.
Package biblatex Info: Trying to load biblatex bibstyle data model...
Package biblatex Info: ... file 'numeric.dbx' not found.
Package biblatex Info: Trying to load biblatex custom data model...
Package biblatex Info: ... file 'biblatex-dm.cfg' not found.
\c@afterword=\count530
\c@savedafterword=\count531
\c@annotator=\count532
\c@savedannotator=\count533
\c@author=\count534
\c@savedauthor=\count535
\c@bookauthor=\count536
\c@savedbookauthor=\count537
\c@commentator=\count538
\c@savedcommentator=\count539
\c@editor=\count540
\c@savededitor=\count541
\c@editora=\count542
\c@savededitora=\count543
\c@editorb=\count544
\c@savededitorb=\count545
\c@editorc=\count546
\c@savededitorc=\count547
\c@foreword=\count548
\c@savedforeword=\count549
\c@holder=\count550
\c@savedholder=\count551
\c@introduction=\count552
\c@savedintroduction=\count553
\c@namea=\count554
\c@savednamea=\count555
\c@nameb=\count556
\c@savednameb=\count557
\c@namec=\count558
\c@savednamec=\count559
\c@translator=\count560
\c@savedtranslator=\count561
\c@shortauthor=\count562
\c@savedshortauthor=\count563
\c@shorteditor=\count564
\c@savedshorteditor=\count565
\c@labelname=\count566
\c@savedlabelname=\count567
\c@institution=\count568
\c@savedinstitution=\count569
\c@lista=\count570
\c@savedlista=\count571
\c@listb=\count572
\c@savedlistb=\count573
\c@listc=\count574
\c@savedlistc=\count575
\c@listd=\count576
\c@savedlistd=\count577
\c@liste=\count578
\c@savedliste=\count579
\c@listf=\count580
\c@savedlistf=\count581
\c@location=\count582
\c@savedlocation=\count583
\c@organization=\count584
\c@savedorganization=\count585
\c@origlocation=\count586
\c@savedoriglocation=\count587
\c@origpublisher=\count588
\c@savedorigpublisher=\count589
\c@publisher=\count590
\c@savedpublisher=\count591
\c@language=\count592
\c@savedlanguage=\count593
\c@origlanguage=\count594
\c@savedoriglanguage=\count595
\c@pageref=\count596
\c@savedpageref=\count597
\shorthandwidth=\skip165
\shortjournalwidth=\skip166
\shortserieswidth=\skip167
\shorttitlewidth=\skip168
\shortauthorwidth=\skip169
\shorteditorwidth=\skip170
\locallabelnumberwidth=\skip171
\locallabelalphawidth=\skip172
\localshorthandwidth=\skip173
\localshortjournalwidth=\skip174
\localshortserieswidth=\skip175
\localshorttitlewidth=\skip176
\localshortauthorwidth=\skip177
\localshorteditorwidth=\skip178
Package biblatex Info: Trying to load enhanced support for Unicode engines...
Package biblatex Info: ... file 'blx-unicode.def' found.
 (c:/texlive/2026/texmf-dist/tex/latex/biblatex/blx-unicode.def)
Package biblatex Info: Trying to load compatibility code...
Package biblatex Info: ... file 'blx-compat.def' found.
 (c:/texlive/2026/texmf-dist/tex/latex/biblatex/blx-compat.def
File: blx-compat.def 2026/08/13 v3.22 biblatex compatibility (PK/MW)
)
Package biblatex Info: Trying to load generic definitions...
Package biblatex Info: ... file 'biblatex.def' found.
 (c:/texlive/2026/texmf-dist/tex/latex/biblatex/biblatex.def
File: biblatex.def 2026/08/13 v3.22 biblatex compatibility (PK/MW)
\c@textcitecount=\count598
\c@textcitetotal=\count599
\c@textcitemaxnames=\count600
\c@biburlbigbreakpenalty=\count601
\c@biburlbreakpenalty=\count602
\c@biburlnumpenalty=\count603
\c@biburlucpenalty=\count604
\c@biburllcpenalty=\count605
\biburlbigskip=\muskip20
\biburlnumskip=\muskip21
\biburlucskip=\muskip22
\biburllcskip=\muskip23
\c@smartand=\count606
)
Package biblatex Info: Trying to load bibliography style 'numeric'...
Package biblatex Info: ... file 'numeric.bbx' found.
 (c:/texlive/2026/texmf-dist/tex/latex/biblatex/bbx/numeric.bbx
File: numeric.bbx 2026/08/13 v3.22 biblatex bibliography style (PK/MW)
Package biblatex Info: Trying to load bibliography style 'standard'...
Package biblatex Info: ... file 'standard.bbx' found.
 (c:/texlive/2026/texmf-dist/tex/latex/biblatex/bbx/standard.bbx
File: standard.bbx 2026/08/13 v3.22 biblatex bibliography style (PK/MW)
\c@bbx:relatedcount=\count607
\c@bbx:relatedtotal=\count608
))
Package biblatex Info: Trying to load citation style 'numeric-comp'...
Package biblatex Info: ... file 'numeric-comp.cbx' found.
 (c:/texlive/2026/texmf-dist/tex/latex/biblatex/cbx/numeric-comp.cbx
File: numeric-comp.cbx 2026/08/13 v3.22 biblatex citation style (PK/MW)
\c@cbx@tempcnta=\count609
\c@cbx@tempcntb=\count610
\c@cbx@tempcntc=\count611
\c@cbx@tempcntd=\count612
Package biblatex Info: Redefining '\cite'.
Package biblatex Info: Redefining '\parencite'.
Package biblatex Info: Redefining '\footcite'.
Package biblatex Info: Redefining '\footcitetext'.
Package biblatex Info: Redefining '\smartcite'.
Package biblatex Info: Redefining '\supercite'.
Package biblatex Info: Redefining '\textcite'.
Package biblatex Info: Redefining '\textcites'.
Package biblatex Info: Redefining '\cites'.
Package biblatex Info: Redefining '\parencites'.
Package biblatex Info: Redefining '\smartcites'.
)
Package biblatex Info: Trying to load configuration file...
Package biblatex Info: ... file 'biblatex.cfg' found.
 (c:/texlive/2026/texmf-dist/tex/latex/biblatex/biblatex.cfg
File: biblatex.cfg 
)
Package biblatex Info: LuaTeX detected.
(biblatex)             Assuming input encoding 'utf8'.
Package biblatex Info: Document encoding is UTF8 ....
Package biblatex Info: ... and expl3
(biblatex)             2026-08-10 L3 programming layer (loader) 
(biblatex)             is new enough (at least 2020/04/06),
(biblatex)             setting 'casechanger=expl3'.
 (c:/texlive/2026/texmf-dist/tex/latex/biblatex/blx-case-expl3.sty
Package: blx-case-expl3 2026/08/13 v3.22 expl3 case changing code for biblatex
))
Package biblatex Info: Redefining '\fullcite' on input line 412.
) (./kaotheorems.sty
Package: kaotheorems 
 (c:/texlive/2026/texmf-dist/tex/latex/amscls/amsthm.sty
Package: amsthm 2020/05/29 v2.20.6
\thm@style=\toks68
\thm@bodyfont=\toks69
\thm@headfont=\toks70
\thm@notefont=\toks71
\thm@headpunct=\toks72
\thm@preskip=\skip179
\thm@postskip=\skip180
\thm@headsep=\skip181
\dth@everypar=\toks73
)
Class scrbook Info: amsthm's \deferred@thm@head patched.
 (c:/texlive/2026/texmf-dist/tex/latex/thmtools/thmtools.sty
Package: thmtools 2023/05/04 v0.76
\thmt@toks=\toks74
\c@thmt@dummyctr=\count613
 (c:/texlive/2026/texmf-dist/tex/latex/thmtools/thm-patch.sty
Package: thm-patch 2023/05/04 v0.76
 (c:/texlive/2026/texmf-dist/tex/latex/thmtools/parseargs.sty
Package: parseargs 2023/05/04 v0.76
\@parsespec=\toks75
)) (c:/texlive/2026/texmf-dist/tex/latex/thmtools/thm-kv.sty
Package: thm-kv 2023/05/04 v0.76
Package thm-kv Info: Theorem names will be uppercased on input line 42.
Package thm-kv Info: kvsetkeys patch (v1.16 or later) on input line 158.
) (c:/texlive/2026/texmf-dist/tex/latex/thmtools/thm-autoref.sty
Package: thm-autoref 2023/05/04 v0.76
 (c:/texlive/2026/texmf-dist/tex/latex/thmtools/aliasctr.sty
Package: aliasctr 2023/05/04 v0.76
)) (c:/texlive/2026/texmf-dist/tex/latex/thmtools/thm-listof.sty
Package: thm-listof 2023/05/04 v0.76
) (c:/texlive/2026/texmf-dist/tex/latex/thmtools/thm-restate.sty
Package: thm-restate 2023/05/04 v0.76
) (c:/texlive/2026/texmf-dist/tex/latex/thmtools/thm-amsthm.sty
Package: thm-amsthm 2023/05/04 v0.76
\thmt@style@headstyle=\toks76
))
\c@theorem=\count614
\c@definition=\count615
\c@assumption=\count616
\c@remark=\count617
\c@example=\count618
\c@exercise=\count619
) (./kaorefs.sty
Package: kaorefs 
 (c:/texlive/2026/texmf-dist/tex/latex/cleveref/cleveref.sty
Package: cleveref 2018/03/27 v0.21.4 Intelligent cross-referencing
Package cleveref Info: `hyperref' support loaded on input line 2370.
LaTeX Info: Redefining \cref on input line 2370.
LaTeX Info: Redefining \Cref on input line 2370.
LaTeX Info: Redefining \crefrange on input line 2370.
LaTeX Info: Redefining \Crefrange on input line 2370.
LaTeX Info: Redefining \cpageref on input line 2370.
LaTeX Info: Redefining \Cpageref on input line 2370.
LaTeX Info: Redefining \cpagerefrange on input line 2370.
LaTeX Info: Redefining \Cpagerefrange on input line 2370.
LaTeX Info: Redefining \labelcref on input line 2370.
LaTeX Info: Redefining \labelcpageref on input line 2370.
Package cleveref Info: `varioref' support loaded on input line 2605.
Package cleveref Info: `cleveref' supersedes `varioref's \labelformatcommand on input line 2605.
LaTeX Info: Redefining \vref on input line 2605.
LaTeX Info: Redefining \Vref on input line 2605.
LaTeX Info: Redefining \vrefrange on input line 2605.
LaTeX Info: Redefining \fullref on input line 2605.
Package cleveref Info: `amsthm' support loaded on input line 3026.
Package cleveref Info: `listings' support loaded on input line 3131.
Package cleveref Info: `algorithm2e' support loaded on input line 3147.
Package cleveref Info: always capitalise cross-reference names on input line 7825.
Package cleveref Info: include cross-reference names in hyperlinks on input line 7836.
Package cleveref Info: always capitalise cross-reference names on input line 7852.
Package cleveref Info: include cross-reference names in hyperlinks on input line 7852.
Package cleveref Info: no abbreviation of names on input line 7852.
)
==> First Aid for cleveref.sty applied!
)
\main@idxfile=\write5

\openout5 = main.idx

Writing index file main.idx
(c:/texlive/2026/texmf-dist/tex/latex/scrhack/scrhack.sty
Package: scrhack 2024-09-04 v3.42 scrhack emulation package
 (c:/texlive/2026/texmf-dist/tex/latex/floatrowbytocbasic/floatrowbytocbasic.sty
Package: floatrowbytocbasic 2023-08-16 v1.0 improved floatrow package using tocbasic
) (c:/texlive/2026/texmf-dist/tex/latex/setspaceenhanced/setspaceenhanced.sty
Package: setspaceenhanced 2024-11-12 v1.04 improved setspace package
))
Package csquotes Info: Checking for multilingual support...
Package csquotes Info: ... found 'babel' package.
Package csquotes Info: Adjusting default style.
Package csquotes Info: Redefining alias 'default' -> 'english'.
 (./main.aux)
\openout1 = main.aux

LaTeX Font Info:    Checking defaults for OML/cmm/m/it on input line 31.
LaTeX Font Info:    ... okay on input line 31.
LaTeX Font Info:    Checking defaults for OMS/cmsy/m/n on input line 31.
LaTeX Font Info:    ... okay on input line 31.
LaTeX Font Info:    Checking defaults for OT1/cmr/m/n on input line 31.
LaTeX Font Info:    ... okay on input line 31.
LaTeX Font Info:    Checking defaults for T1/cmr/m/n on input line 31.
LaTeX Font Info:    ... okay on input line 31.
LaTeX Font Info:    Checking defaults for TS1/cmr/m/n on input line 31.
LaTeX Font Info:    ... okay on input line 31.
LaTeX Font Info:    Checking defaults for TU/lmr/m/n on input line 31.
LaTeX Font Info:    ... okay on input line 31.
LaTeX Font Info:    Checking defaults for OMX/cmex/m/n on input line 31.
LaTeX Font Info:    ... okay on input line 31.
LaTeX Font Info:    Checking defaults for U/cmr/m/n on input line 31.
LaTeX Font Info:    ... okay on input line 31.
LaTeX Font Info:    Checking defaults for PD1/pdf/m/n on input line 31.
LaTeX Font Info:    ... okay on input line 31.
LaTeX Font Info:    Checking defaults for PU/pdf/m/n on input line 31.
LaTeX Font Info:    ... okay on input line 31.
Package scrbase Info: activating english \partname on input line 31.
Package scrbase Info: activating english \chaptername on input line 31.
Package scrbase Info: activating english \appendixname on input line 31.
Package scrbase Info: activating english \figurename on input line 31.
Package scrbase Info: activating english \tablename on input line 31.
Package scrbase Info: activating english \contentsname on input line 31.
Package scrbase Info: activating english \listfigurename on input line 31.
Package scrbase Info: activating english \listtablename on input line 31.
Package scrbase Info: activating english \bibname on input line 31.
Package scrbase Info: activating english \indexname on input line 31.
 (c:/texlive/2026/texmf-dist/tex/context/base/mkii/supp-pdf.mkii
[Loading MPS to PDF converter (version 2006.09.02).]
\scratchcounter=\count620
\scratchdimen=\dimen372
\scratchbox=\box162
\nofMPsegments=\count621
\nofMParguments=\count622
\everyMPshowfont=\toks77
\MPscratchCnt=\count623
\MPscratchDim=\dimen373
\MPnumerator=\count624
\makeMPintoPDFobject=\count625
\everyMPtoPDFconversion=\toks78
) (c:/texlive/2026/texmf-dist/tex/latex/epstopdf-pkg/epstopdf-base.sty
Package: epstopdf-base 2020-01-24 v2.11 Base part for package epstopdf
Package epstopdf-base Info: Redefining graphics rule for `.eps' on input line 485.
 (c:/texlive/2026/texmf-dist/tex/latex/latexconfig/epstopdf-sys.cfg
File: epstopdf-sys.cfg 2010/07/13 v1.3 Configuration of (r)epstopdf for TeX Live
))
*geometry* driver: auto-detecting
*geometry* detected driver: luatex
*geometry* verbose mode - [ preamble ] result:
* driver: luatex
* paper: custom
* layout: <same size as paper>
* layoutoffset:(h,v)=(0.0pt,0.0pt)
* modes: 
* h-part:(L,W,R)=(89.62662pt, 418.25148pt, 89.62663pt)
* v-part:(T,H,B)=(101.4061pt, 591.5271pt, 152.1092pt)
* \paperwidth=597.50473pt
* \paperheight=845.0424pt
* \textwidth=418.25148pt
* \textheight=591.5271pt
* \oddsidemargin=17.35663pt
* \evensidemargin=17.35663pt
* \topmargin=-20.36375pt
* \headheight=22.49994pt
* \headsep=31.29787pt
* \topskip=15.0pt
* \footskip=62.99983pt
* \marginparwidth=37.34424pt
* \marginparsep=12.8401pt
* \columnsep=10.0pt
* \skip\footins=13.49995pt plus 5.99934pt minus 3.00063pt
* \hoffset=0.0pt
* \voffset=0.0pt
* \mag=1000
* \@twocolumnfalse
* \@twosidefalse
* \@mparswitchfalse
* \@reversemarginfalse
* (1in=72.27pt=25.4mm, 1cm=28.453pt)

*geometry* verbose mode - [ newgeometry ] result:
* driver: luatex
* paper: custom
* layout: <same size as paper>
* layoutoffset:(h,v)=(0.0pt,0.0pt)
* modes: 
* h-part:(L,W,R)=(70.56247pt, 304.44289pt, 222.49937pt)
* v-part:(T,H,B)=(77.96011pt, 689.12218pt, 77.96011pt)
* \paperwidth=597.50473pt
* \paperheight=845.0424pt
* \textwidth=304.44289pt
* \textheight=689.12218pt
* \oddsidemargin=-1.70752pt
* \evensidemargin=-1.70752pt
* \topmargin=-48.10768pt
* \headheight=22.49994pt
* \headsep=31.29787pt
* \topskip=15.0pt
* \footskip=62.99983pt
* \marginparwidth=135.71892pt
* \marginparsep=17.6406pt
* \columnsep=10.0pt
* \skip\footins=13.49995pt plus 5.99934pt minus 3.00063pt
* \hoffset=0.0pt
* \voffset=0.0pt
* \mag=1000
* \@twocolumnfalse
* \@twosidefalse
* \@mparswitchfalse
* \@reversemarginfalse
* (1in=72.27pt=25.4mm, 1cm=28.453pt)

LaTeX Info: Redefining \microtypecontext on input line 31.
Package microtype Info: Applying patch `item' on input line 31.
Package microtype Info: Applying patch `toc' on input line 31.
Package microtype Info: Applying patch `eqnum' on input line 31.
Package microtype Info: Applying patch `footnote' on input line 31.
Package microtype Info: Applying patch `verbatim' on input line 31.
LaTeX Info: Redefining \microtypesetup on input line 31.
Package microtype Info: Generating PDF output.
Package microtype Info: Character protrusion enabled (level 2).
Package microtype Info: Using default protrusion set `alltext'.
Package microtype Info: Automatic font expansion enabled (level 2),
(microtype)             stretch: 20, shrink: 20, step: 1, non-selected.
Package microtype Info: Using default expansion set `alltext-nott'.
Package microtype Info: Patching command `\showhyphens'.
Package microtype Info: No adjustment of tracking.
Package microtype Info: No adjustment of spacing.
Package microtype Info: No adjustment of kerning.
Package microtype Info: Loading generic protrusion settings for font family
(microtype)             `LibertinusSerif' (encoding: TU).
(microtype)             For optimal results, create family-specific settings.
(microtype)             See the microtype manual for details.
Package caption Info: Begin \AtBeginDocument code.
Package caption Info: changepage package is loaded.
\caption@adjustwidth@hsize=\dimen374
\caption@adjustwidth@linewidth=\dimen375
Package caption Info: float package is loaded.
Package caption Info: floatrow package is loaded.
Package caption Info: floatrow package is loaded.
Package caption Info: hyperref package is loaded.
Package caption Info: listings package is loaded.
Package caption Info: longtable package is loaded.
(c:/texlive/2026/texmf-dist/tex/latex/caption/ltcaption.sty
Package: ltcaption 2021/01/08 v1.4c longtable captions (AR)
)
Package caption Info: Fixing longtable code of `floatrow' package.
Package caption Info: rotating package is loaded.
Package caption Info: supertabular package is loaded.
Package caption Info: End \AtBeginDocument code.
\@sidenotes@extrawidth=\skip182
Package hyperref Info: Link coloring ON on input line 31.
 (c:/texlive/2026/texmf-dist/tex/latex/floatrow/fr-longtable.sty
Package: fr-longtable 2007/11/28 v0.1b (beta) floatrow: additions for longtable
\flrow@LT@lasthead=\box163
\flrow@LT@prelastfoot=\box164
\c@FBLTpage=\count626
)
\c@lstlisting=\count627
Package tocbasic Info: setting babel extension for `lol' on input line 31.
\Etoc@tf=\read6
 (c:/texlive/2026/texmf-dist/tex/latex/pdflscape/pdflscape.sty
Package: pdflscape 2025-06-23 v0.14 Display of landscape pages in PDF
 (c:/texlive/2026/texmf-dist/tex/latex/pdflscape/pdflscape-nometadata.sty
Package: pdflscape-nometadata 2025-06-23 v0.14 Display of landscape pages in PDF (HO)
 (c:/texlive/2026/texmf-dist/tex/latex/graphics/lscape.sty
Package: lscape 2020/05/28 v3.02 Landscape Pages (DPC)
) (c:/texlive/2026/texmf-dist/tex/latex/lscapeenhanced/lscapeenhanced.sty
Package: lscapeenhanced 2024-04-16 v1.0 improved lscape package
Package lscapeenhanced Info: \landscape patched to make \textheight change optional on input line 72.
\@lscapeenhanced@textheight=\skip183
)
Package pdflscape Info: Auto-detected driver: pdftex on input line 81.
))
Package biblatex Info: Trying to load language 'english'...
Package biblatex Info: ... file 'english.lbx' found.
 (c:/texlive/2026/texmf-dist/tex/latex/biblatex/lbx/english.lbx
File: english.lbx 2026/08/13 v3.22 biblatex localization (PK/MW)
)
Package biblatex Info: LuaTeX detected.
(biblatex)             Assuming input encoding 'utf8'.
Package biblatex Info: Automatic encoding selection.
(biblatex)             Assuming data encoding 'utf8'.

\openout4 = main.bcf
Package biblatex Info: Trying to load bibliographic data...
Package biblatex Info: ... file 'main.bbl' found.
 (./main.bbl)
Package biblatex Info: Reference section=0 on input line 31.
Package biblatex Info: Reference segment=0 on input line 31.
\g__cctab_next_cctab=\catcodetable17
Package babel Info: Main language set to 'english'.
*geometry* verbose mode - [ newgeometry ] result:
* driver: luatex
* paper: custom
* layout: <same size as paper>
* layoutoffset:(h,v)=(0.0pt,0.0pt)
* modes: 
* h-part:(L,W,R)=(70.56247pt, 456.37979pt, 70.56247pt)
* v-part:(T,H,B)=(77.96011pt, 689.12218pt, 77.96011pt)
* \paperwidth=597.50473pt
* \paperheight=845.0424pt
* \textwidth=456.37979pt
* \textheight=689.12218pt
* \oddsidemargin=-1.70752pt
* \evensidemargin=-1.70752pt
* \topmargin=-48.10768pt
* \headheight=22.49994pt
* \headsep=31.29787pt
* \topskip=15.0pt
* \footskip=62.99983pt
* \marginparwidth=0.0pt
* \marginparsep=0.0pt
* \columnsep=10.0pt
* \skip\footins=13.49995pt plus 5.99934pt minus 3.00063pt
* \hoffset=0.0pt
* \voffset=0.0pt
* \mag=1000
* \@twocolumnfalse
* \@twosidefalse
* \@mparswitchfalse
* \@reversemarginfalse
* (1in=72.27pt=25.4mm, 1cm=28.453pt)

LaTeX Font Info:    Font shape `TU/LibertinusSans(0)/m/n' will be
(Font)              scaled to size 15.0pt on input line 70.
Package microtype Info: Loading generic protrusion settings for font family
(microtype)             `LibertinusSans' (encoding: TU).
(microtype)             For optimal results, create family-specific settings.
(microtype)             See the microtype manual for details.
LaTeX Font Info:    Font shape `TU/LibertinusSans(0)/b/n' will be
(Font)              scaled to size 15.0pt on input line 70.
LaTeX Font Info:    Font shape `TU/LibertinusSans(0)/b/n' will be
(Font)              scaled to size 31.11008pt on input line 70.
LaTeX Font Info:    Font shape `TU/LibertinusSerif(0)/m/n' will be
(Font)              scaled to size 22.46388pt on input line 70.


Class scrbook Warning: non empty \uppertitleback ignored by \maketitle
(scrbook)              in `twoside=false' mode on input line 70.


Class scrbook Warning: non empty \lowertitleback ignored by \maketitle
(scrbook)              in `twoside=false' mode on input line 70.

[1






{c:/texlive/2026/texmf-var/fonts/map/pdftex/updmap/pdftex.map}] [2

]
LaTeX Font Info:    Font shape `TU/LibertinusSerif(0)/m/n' will be
(Font)              scaled to size 32.35426pt on input line 71.
LaTeX Font Info:    Font shape `TU/LibertinusSerif(0)/b/n' will be
(Font)              scaled to size 32.35426pt on input line 71.
LaTeX Font Info:    Font shape `TU/LibertinusSerif(0)/m/sl' in size <15> not available
(Font)              Font shape `TU/LibertinusSerif(0)/m/it' tried instead on input line 74.
LaTeX Font Info:    Font shape `TU/LibertinusSerif(0)/m/it' will be
(Font)              scaled to size 15.5999pt on input line 74.
 [3




]
LaTeX Font Info:    Font shape `TU/LibertinusSerif(0)/b/n' will be
(Font)              scaled to size 15.5999pt on input line 76.
 [4


] [5]
\tf@toc=\write6

\openout6 = main.toc
 [6]
Package tocbasic Info: character protrusion at toc deactivated on input line 111.
LaTeX Font Info:    Font shape `TU/LibertinusSans(0)/b/n' will be
(Font)              scaled to size 17.99995pt on input line 111.
LaTeX Font Info:    Font shape `TU/LibertinusSerif(0)/m/n' will be
(Font)              scaled to size 18.71982pt on input line 111.
LaTeX Font Info:    Font shape `TU/LibertinusSerif(0)/m/sc' will be
(Font)              scaled to size 18.71982pt on input line 111.
LaTeX Font Info:    Font shape `TU/LibertinusSerif(0)/b/sc' will be
(Font)              scaled to size 18.71982pt on input line 111.
 [7


]
Package tocbasic Info: character protrusion at lof deactivated on input line 111.
 (./main.lof)
\tf@lof=\write7

\openout7 = main.lof
Package tocbasic Info: character protrusion at lot deactivated on input line 114.
 (./main.lot)
\tf@lot=\write8

\openout8 = main.lot
 [8


]
*geometry* verbose mode - [ newgeometry ] result:
* driver: luatex
* paper: custom
* layout: <same size as paper>
* layoutoffset:(h,v)=(0.0pt,0.0pt)
* modes: 
* h-part:(L,W,R)=(70.56247pt, 304.44289pt, 222.49937pt)
* v-part:(T,H,B)=(77.96011pt, 689.12218pt, 77.96011pt)
* \paperwidth=597.50473pt
* \paperheight=845.0424pt
* \textwidth=304.44289pt
* \textheight=689.12218pt
* \oddsidemargin=-1.70752pt
* \evensidemargin=-1.70752pt
* \topmargin=-48.10768pt
* \headheight=22.49994pt
* \headsep=31.29787pt
* \topskip=15.0pt
* \footskip=62.99983pt
* \marginparwidth=135.71892pt
* \marginparsep=17.6406pt
* \columnsep=10.0pt
* \skip\footins=13.49995pt plus 5.99934pt minus 3.00063pt
* \hoffset=0.0pt
* \voffset=0.0pt
* \mag=1000
* \@twocolumnfalse
* \@twosidefalse
* \@mparswitchfalse
* \@reversemarginfalse
* (1in=72.27pt=25.4mm, 1cm=28.453pt)

*geometry* verbose mode - [ newgeometry ] result:
* driver: luatex
* paper: custom
* layout: <same size as paper>
* layoutoffset:(h,v)=(0.0pt,0.0pt)
* modes: 
* h-part:(L,W,R)=(70.56247pt, 456.37979pt, 70.56247pt)
* v-part:(T,H,B)=(77.96011pt, 689.12218pt, 77.96011pt)
* \paperwidth=597.50473pt
* \paperheight=845.0424pt
* \textwidth=456.37979pt
* \textheight=689.12218pt
* \oddsidemargin=-1.70752pt
* \evensidemargin=-1.70752pt
* \topmargin=-48.10768pt
* \headheight=22.49994pt
* \headsep=31.29787pt
* \topskip=15.0pt
* \footskip=62.99983pt
* \marginparwidth=0.0pt
* \marginparsep=0.0pt
* \columnsep=10.0pt
* \skip\footins=13.49995pt plus 5.99934pt minus 3.00063pt
* \hoffset=0.0pt
* \voffset=0.0pt
* \mag=1000
* \@twocolumnfalse
* \@twosidefalse
* \@mparswitchfalse
* \@reversemarginfalse
* (1in=72.27pt=25.4mm, 1cm=28.453pt)


part without number
LaTeX Font Info:    Font shape `TU/LibertinusSans(0)/b/n' will be
(Font)              scaled to size 37.3201pt on input line 121.
LaTeX Font Info:    Font shape `TU/LibertinusSerif(0)/m/n' will be
(Font)              scaled to size 38.81264pt on input line 121.
LaTeX Font Info:    Font shape `TU/LibertinusSerif(0)/m/sc' will be
(Font)              scaled to size 38.81264pt on input line 121.
LaTeX Font Info:    Font shape `TU/LibertinusSerif(0)/b/sc' will be
(Font)              scaled to size 38.81264pt on input line 121.
[1





]
*geometry* verbose mode - [ newgeometry ] result:
* driver: luatex
* paper: custom
* layout: <same size as paper>
* layoutoffset:(h,v)=(0.0pt,0.0pt)
* modes: 
* h-part:(L,W,R)=(70.56247pt, 304.44289pt, 222.49937pt)
* v-part:(T,H,B)=(77.96011pt, 689.12218pt, 77.96011pt)
* \paperwidth=597.50473pt
* \paperheight=845.0424pt
* \textwidth=304.44289pt
* \textheight=689.12218pt
* \oddsidemargin=-1.70752pt
* \evensidemargin=-1.70752pt
* \topmargin=-48.10768pt
* \headheight=22.49994pt
* \headsep=31.29787pt
* \topskip=15.0pt
* \footskip=62.99983pt
* \marginparwidth=135.71892pt
* \marginparsep=17.6406pt
* \columnsep=10.0pt
* \skip\footins=13.49995pt plus 5.99934pt minus 3.00063pt
* \hoffset=0.0pt
* \voffset=0.0pt
* \mag=1000
* \@twocolumnfalse
* \@twosidefalse
* \@mparswitchfalse
* \@reversemarginfalse
* (1in=72.27pt=25.4mm, 1cm=28.453pt)


chapter 1.
[2



]
chapter 2.
[3


]
*geometry* verbose mode - [ newgeometry ] result:
* driver: luatex
* paper: custom
* layout: <same size as paper>
* layoutoffset:(h,v)=(0.0pt,0.0pt)
* modes: 
* h-part:(L,W,R)=(70.56247pt, 456.37979pt, 70.56247pt)
* v-part:(T,H,B)=(77.96011pt, 689.12218pt, 77.96011pt)
* \paperwidth=597.50473pt
* \paperheight=845.0424pt
* \textwidth=456.37979pt
* \textheight=689.12218pt
* \oddsidemargin=-1.70752pt
* \evensidemargin=-1.70752pt
* \topmargin=-48.10768pt
* \headheight=22.49994pt
* \headsep=31.29787pt
* \topskip=15.0pt
* \footskip=62.99983pt
* \marginparwidth=0.0pt
* \marginparsep=0.0pt
* \columnsep=10.0pt
* \skip\footins=13.49995pt plus 5.99934pt minus 3.00063pt
* \hoffset=0.0pt
* \voffset=0.0pt
* \mag=1000
* \@twocolumnfalse
* \@twosidefalse
* \@mparswitchfalse
* \@reversemarginfalse
* (1in=72.27pt=25.4mm, 1cm=28.453pt)


part without number
[4



]
*geometry* verbose mode - [ newgeometry ] result:
* driver: luatex
* paper: custom
* layout: <same size as paper>
* layoutoffset:(h,v)=(0.0pt,0.0pt)
* modes: 
* h-part:(L,W,R)=(70.56247pt, 304.44289pt, 222.49937pt)
* v-part:(T,H,B)=(77.96011pt, 689.12218pt, 77.96011pt)
* \paperwidth=597.50473pt
* \paperheight=845.0424pt
* \textwidth=304.44289pt
* \textheight=689.12218pt
* \oddsidemargin=-1.70752pt
* \evensidemargin=-1.70752pt
* \topmargin=-48.10768pt
* \headheight=22.49994pt
* \headsep=31.29787pt
* \topskip=15.0pt
* \footskip=62.99983pt
* \marginparwidth=135.71892pt
* \marginparsep=17.6406pt
* \columnsep=10.0pt
* \skip\footins=13.49995pt plus 5.99934pt minus 3.00063pt
* \hoffset=0.0pt
* \voffset=0.0pt
* \mag=1000
* \@twocolumnfalse
* \@twosidefalse
* \@mparswitchfalse
* \@reversemarginfalse
* (1in=72.27pt=25.4mm, 1cm=28.453pt)


chapter A.
[5



]
*geometry* verbose mode - [ newgeometry ] result:
* driver: luatex
* paper: custom
* layout: <same size as paper>
* layoutoffset:(h,v)=(0.0pt,0.0pt)
* modes: 
* h-part:(L,W,R)=(70.56247pt, 456.37979pt, 70.56247pt)
* v-part:(T,H,B)=(77.96011pt, 689.12218pt, 77.96011pt)
* \paperwidth=597.50473pt
* \paperheight=845.0424pt
* \textwidth=456.37979pt
* \textheight=689.12218pt
* \oddsidemargin=-1.70752pt
* \evensidemargin=-1.70752pt
* \topmargin=-48.10768pt
* \headheight=22.49994pt
* \headsep=31.29787pt
* \topskip=15.0pt
* \footskip=62.99983pt
* \marginparwidth=0.0pt
* \marginparsep=0.0pt
* \columnsep=10.0pt
* \skip\footins=13.49995pt plus 5.99934pt minus 3.00063pt
* \hoffset=0.0pt
* \voffset=0.0pt
* \mag=1000
* \@twocolumnfalse
* \@twosidefalse
* \@mparswitchfalse
* \@reversemarginfalse
* (1in=72.27pt=25.4mm, 1cm=28.453pt)



LaTeX Warning: Empty bibliography on input line 141.

(./main.ind) (./main.aux)
 ***********
LaTeX2e <2026-06-01>
L3 programming layer <2020/03/25>
 ***********
Package logreq Info: Writing requests to 'main.run.xml'.

\openout1 = main.run.xml
)

Here is how much of LuaTeX's memory you used:
 69096 strings out of 475635
 100000,3417909 words of node,token memory allocated
 1811 words of node memory still in use:
   31 hlist, 2 vlist, 14 rule, 1 local_par, 5 glue, 4 kern, 1 penalty, 3 glyph, 98 attribute, 136 glue_spec, 86 attribute_list, 7 write, 24 pdf_literal, 24 pdf_colorstack nodes
   avail lists: 1:1,2:790,3:188,4:138,5:434,6:63,7:5491,8:3,9:356,10:14,11:460,12:1
 90559 multiletter control sequences out of 65536+600000
 109 fonts using 39524919 bytes
 129i,17n,154p,11239b,2210s stack positions out of 10000i,1000n,20000p,200000b,200000s
<c:/texlive/2026/texmf-dist/fonts/opentype/public/libertinus-fonts/LibertinusSerif-Bold.otf><c:/texlive/2026/texmf-dist/fonts/opentype/public/libertinus-fonts/LibertinusSans-Bold.otf><c:/texlive/2026/texmf-dist/fonts/opentype/public/libertinus-fonts/LibertinusSerif-Regular.otf>
Output written on main.pdf (13 pages, 39915 bytes).

PDF statistics: 173 PDF objects out of 1000 (max. 8388607)
 123 compressed objects within 2 object streams
 28 named destinations out of 1000 (max. 1048576)
 312 words of extra memory for PDF output out of 10000 (max. 100000000)

