{
  "median": [
    76.0,
    14.800000190734863,
    13.728658676147461
  ],
  "iqr": [
    24.0,
    18.100000381469727,
    3.6324033737182617
  ]
}